import started Sun May 17 18:39:20 2026
asis /Volumes/classical/staging/Bartók_ Concerto For Orchestra_ Janáček_
import started Sun May 17 18:40:01 2026
import started Sun May 17 18:40:11 2026
asis /Volumes/classical/staging/Beethoven_ Symphony #9, _Choral_
import started Sun May 17 18:40:29 2026
asis /Volumes/classical/staging/Chopin - Mazurkas Waltzes Etc. - Benedet
import started Sun May 17 18:40:46 2026
asis /Volumes/classical/staging/Des Knaben Wunderhorn
import started Sun May 17 18:41:09 2026
asis /Volumes/classical/staging/Don Giovanni - Karajan
import started Sun May 17 18:41:35 2026
asis /Volumes/classical/staging/Franz Schubert_ Symfonieën Nr. 3 & 5
import started Sun May 17 18:41:53 2026
asis /Volumes/classical/staging/George Frideric Handel - Solomon, HWV 67 (Paul McCreesh)/Disc_1
import started Sun May 17 18:42:19 2026
asis /Volumes/classical/staging/George Frideric Handel - Solomon, HWV 67 (Paul McCreesh)/Disc_2
import started Sun May 17 18:42:44 2026
asis /Volumes/classical/staging/George Frideric Handel - Solomon, HWV 67 (Paul McCreesh)/Disc_3
import started Sun May 17 18:43:10 2026
asis /Volumes/classical/staging/Gran concerto classico Vol.3
import started Sun May 17 18:44:35 2026
asis /Volumes/classical/staging/Gustav Mahler/Symphony No 1 & Lieder eines fahrenden G
import started Sun May 17 18:44:55 2026
asis /Volumes/classical/staging/Gustav Mahler/Symphony No 2
import started Sun May 17 18:45:17 2026
asis /Volumes/classical/staging/Gustav Mahler/Symphony No 3
import started Sun May 17 18:45:41 2026
asis /Volumes/classical/staging/Gustav Mahler/Symphony No 3 & Symphony No 2 - Resurrec
import started Sun May 17 18:45:59 2026
asis /Volumes/classical/staging/Gustav Mahler/Symphony No 4
import started Sun May 17 18:46:26 2026
asis /Volumes/classical/staging/Gustav Mahler/Symphony No 5
import started Sun May 17 18:46:44 2026
asis /Volumes/classical/staging/Gustav Mahler/Symphony No 6
import started Sun May 17 18:47:08 2026
asis /Volumes/classical/staging/Gustav Mahler/Symphony No 7
import started Sun May 17 18:47:30 2026
asis /Volumes/classical/staging/Gustav Mahler/Symphony No 8
import started Sun May 17 18:47:55 2026
asis /Volumes/classical/staging/Gustav Mahler/Symphony No 9
import started Sun May 17 18:48:16 2026
asis /Volumes/classical/staging/Gustav Malher/Mahler_ Symphony No. 1 _Titan_ (includin
import started Sun May 17 18:48:38 2026
asis /Volumes/classical/staging/Gösta Winbergh_ Herbert Von Karajan_ Ber/Mozart_ Don Giovanni (Highlights)
import started Sun May 17 18:49:00 2026
asis /Volumes/classical/staging/Herbert Von Karajan_ Berlin Philharmonic/Mozart_ Don Giovanni (Highlights)
import started Sun May 17 18:50:10 2026
import started Sun May 17 18:50:21 2026
asis /Volumes/classical/staging/Hilary Hann/Concerto per violino Brahms, Strawinsky
import started Sun May 17 18:50:47 2026
asis /Volumes/classical/staging/Idomeneo (Disc 1 of 3)
import started Sun May 17 18:51:12 2026
asis /Volumes/classical/staging/Idomeneo (Disc 2 of 3)
import started Sun May 17 18:51:40 2026
asis /Volumes/classical/staging/Idomeneo (Disc 3 of 3)
import started Sun May 17 18:52:05 2026
asis /Volumes/classical/staging/Igor Stravinsky/Itzhak Perlman, Seiji Ozawa, Boston Sym
import started Sun May 17 18:53:00 2026
import started Sun May 17 18:53:10 2026
asis /Volumes/classical/staging/Igor Stravinsky/Works of Igor Stravinsky/Disc 1
import started Sun May 17 18:53:32 2026
asis /Volumes/classical/staging/Igor Stravinsky/Works of Igor Stravinsky/Disc 10
import started Sun May 17 18:53:50 2026
asis /Volumes/classical/staging/Igor Stravinsky/Works of Igor Stravinsky/Disc 11
import started Sun May 17 18:54:09 2026
asis /Volumes/classical/staging/Igor Stravinsky/Works of Igor Stravinsky/Disc 12
import started Sun May 17 18:54:31 2026
asis /Volumes/classical/staging/Igor Stravinsky/Works of Igor Stravinsky/Disc 13
import started Sun May 17 18:54:48 2026
asis /Volumes/classical/staging/Igor Stravinsky/Works of Igor Stravinsky/Disc 14
import started Sun May 17 18:55:09 2026
asis /Volumes/classical/staging/Igor Stravinsky/Works of Igor Stravinsky/Disc 15
import started Sun May 17 18:55:26 2026
asis /Volumes/classical/staging/Igor Stravinsky/Works of Igor Stravinsky/Disc 16
import started Sun May 17 18:55:43 2026
asis /Volumes/classical/staging/Igor Stravinsky/Works of Igor Stravinsky/Disc 17
import started Sun May 17 18:56:00 2026
asis /Volumes/classical/staging/Igor Stravinsky/Works of Igor Stravinsky/Disc 18
import started Sun May 17 18:56:19 2026
asis /Volumes/classical/staging/Igor Stravinsky/Works of Igor Stravinsky/Disc 19
import started Sun May 17 18:56:37 2026
asis /Volumes/classical/staging/Igor Stravinsky/Works of Igor Stravinsky/Disc 2
import started Sun May 17 18:57:04 2026
asis /Volumes/classical/staging/Igor Stravinsky/Works of Igor Stravinsky/Disc 20
import started Sun May 17 18:57:21 2026
asis /Volumes/classical/staging/Igor Stravinsky/Works of Igor Stravinsky/Disc 21
import started Sun May 17 18:57:48 2026
asis /Volumes/classical/staging/Igor Stravinsky/Works of Igor Stravinsky/Disc 22
import started Sun May 17 18:58:25 2026
asis /Volumes/classical/staging/Igor Stravinsky/Works of Igor Stravinsky/Disc 3
import started Sun May 17 18:58:41 2026
asis /Volumes/classical/staging/Igor Stravinsky/Works of Igor Stravinsky/Disc 4
import started Sun May 17 18:58:59 2026
asis /Volumes/classical/staging/Igor Stravinsky/Works of Igor Stravinsky/Disc 5
import started Sun May 17 18:59:16 2026
asis /Volumes/classical/staging/Igor Stravinsky/Works of Igor Stravinsky/Disc 6
import started Sun May 17 18:59:34 2026
asis /Volumes/classical/staging/Igor Stravinsky/Works of Igor Stravinsky/Disc 7
import started Sun May 17 18:59:51 2026
asis /Volumes/classical/staging/Igor Stravinsky/Works of Igor Stravinsky/Disc 8
import started Sun May 17 19:00:08 2026
asis /Volumes/classical/staging/Igor Stravinsky/Works of Igor Stravinsky/Disc 9
import started Sun May 17 19:00:29 2026
asis /Volumes/classical/staging/Jazz Music
import started Sun May 17 19:00:55 2026
asis /Volumes/classical/staging/Joan Sebastian Bach/Bach - Complete Works [Brilliant Classics]/Vol I - Orchestral Works & Chamber Music/CD 1 - Brandenburg Concertos
import started Sun May 17 19:01:16 2026
asis /Volumes/classical/staging/Joan Sebastian Bach/Bach - Complete Works [Brilliant Classics]/Vol I - Orchestral Works & Chamber Music/CD 10 - Sonate e partite per Violino Solo
import started Sun May 17 19:01:40 2026
asis /Volumes/classical/staging/Joan Sebastian Bach/Bach - Complete Works [Brilliant Classics]/Vol I - Orchestral Works & Chamber Music/CD 11 - Sonate e partite per Violino Solo
import started Sun May 17 19:02:13 2026
asis /Volumes/classical/staging/Joan Sebastian Bach/Bach - Complete Works [Brilliant Classics]/Vol I - Orchestral Works & Chamber Music/CD 12 - Cello Suites
import started Sun May 17 19:02:38 2026
asis /Volumes/classical/staging/Joan Sebastian Bach/Bach - Complete Works [Brilliant Classics]/Vol I - Orchestral Works & Chamber Music/CD 13 - Cello Suites
import started Sun May 17 19:03:03 2026
asis /Volumes/classical/staging/Joan Sebastian Bach/Bach - Complete Works [Brilliant Classics]/Vol I - Orchestral Works & Chamber Music/CD 14 - Flute Sonatas
import started Sun May 17 19:03:33 2026
asis /Volumes/classical/staging/Joan Sebastian Bach/Bach - Complete Works [Brilliant Classics]/Vol I - Orchestral Works & Chamber Music/CD 15 - Flute Sonatas
import started Sun May 17 19:03:57 2026
asis /Volumes/classical/staging/Joan Sebastian Bach/Bach - Complete Works [Brilliant Classics]/Vol I - Orchestral Works & Chamber Music/CD 16 - Lute Works
import started Sun May 17 19:04:21 2026
asis /Volumes/classical/staging/Joan Sebastian Bach/Bach - Complete Works [Brilliant Classics]/Vol I - Orchestral Works & Chamber Music/CD 17 - Lute Works
import started Sun May 17 19:05:34 2026
import started Sun May 17 19:05:44 2026
asis /Volumes/classical/staging/Joan Sebastian Bach/Bach - Complete Works [Brilliant Classics]/Vol I - Orchestral Works & Chamber Music/CD 18 - Viola da Gamba Sonatas
import started Sun May 17 19:06:08 2026
asis /Volumes/classical/staging/Joan Sebastian Bach/Bach - Complete Works [Brilliant Classics]/Vol I - Orchestral Works & Chamber Music/CD 19 - A Musical Offering
import started Sun May 17 19:06:42 2026
asis /Volumes/classical/staging/Joan Sebastian Bach/Bach - Complete Works [Brilliant Classics]/Vol I - Orchestral Works & Chamber Music/CD 2 - Brandenburg Concertos
import started Sun May 17 19:07:03 2026
asis /Volumes/classical/staging/Joan Sebastian Bach/Bach - Complete Works [Brilliant Classics]/Vol I - Orchestral Works & Chamber Music/CD 20 - Violin Sonatas
import started Sun May 17 19:07:25 2026
asis /Volumes/classical/staging/Joan Sebastian Bach/Bach - Complete Works [Brilliant Classics]/Vol I - Orchestral Works & Chamber Music/CD 21 - Violin Sonatas
import started Sun May 17 19:07:48 2026
asis /Volumes/classical/staging/Joan Sebastian Bach/Bach - Complete Works [Brilliant Classics]/Vol I - Orchestral Works & Chamber Music/CD 22 - Notenbüchlein für Anna Magdalena Bach
import started Sun May 17 19:08:22 2026
asis /Volumes/classical/staging/Joan Sebastian Bach/Bach - Complete Works [Brilliant Classics]/Vol I - Orchestral Works & Chamber Music/CD 23 - Violin Sonatas BWV 1021-1023, Trio Sonatas BWV 1038, 1039
import started Sun May 17 19:09:39 2026
import started Sun May 17 19:09:49 2026
asis /Volumes/classical/staging/Joan Sebastian Bach/Bach - Complete Works [Brilliant Classics]/Vol I - Orchestral Works & Chamber Music/CD 3 - Orchestral Suites
import started Sun May 17 19:10:31 2026
asis /Volumes/classical/staging/Joan Sebastian Bach/Bach - Complete Works [Brilliant Classics]/Vol I - Orchestral Works & Chamber Music/CD 4 - Orchestral Suites
import started Sun May 17 19:11:01 2026
asis /Volumes/classical/staging/Joan Sebastian Bach/Bach - Complete Works [Brilliant Classics]/Vol I - Orchestral Works & Chamber Music/CD 5 - Violin Concertos
import started Sun May 17 19:11:54 2026
asis /Volumes/classical/staging/Joan Sebastian Bach/Bach - Complete Works [Brilliant Classics]/Vol I - Orchestral Works & Chamber Music/CD 6 - Harpsichord Concertos
import started Sun May 17 19:12:16 2026
asis /Volumes/classical/staging/Joan Sebastian Bach/Bach - Complete Works [Brilliant Classics]/Vol I - Orchestral Works & Chamber Music/CD 7 - Harpsichord Concertos
import started Sun May 17 19:12:48 2026
asis /Volumes/classical/staging/Joan Sebastian Bach/Bach - Complete Works [Brilliant Classics]/Vol I - Orchestral Works & Chamber Music/CD 8 - Concertos for 2 & 3 Harpsichords
import started Sun May 17 19:13:20 2026
asis /Volumes/classical/staging/Joan Sebastian Bach/Bach - Complete Works [Brilliant Classics]/Vol I - Orchestral Works & Chamber Music/CD 9 - Double Concertos
import started Sun May 17 19:13:42 2026
asis /Volumes/classical/staging/Joan Sebastian Bach/Bach - Complete Works [Brilliant Classics]/Vol II - Keyboard Works/CD 1 - The Well-Tempered Clavier
import started Sun May 17 19:14:17 2026
asis /Volumes/classical/staging/Joan Sebastian Bach/Bach - Complete Works [Brilliant Classics]/Vol II - Keyboard Works/CD 10 - Italian Concerto, Chromatic Fantasy & Fugue, French Overture
import started Sun May 17 19:15:33 2026
import started Sun May 17 19:15:43 2026
asis /Volumes/classical/staging/Joan Sebastian Bach/Bach - Complete Works [Brilliant Classics]/Vol II - Keyboard Works/CD 11 - Goldberg Variations
import started Sun May 17 19:16:19 2026
asis /Volumes/classical/staging/Joan Sebastian Bach/Bach - Complete Works [Brilliant Classics]/Vol II - Keyboard Works/CD 12 - English Suites
import started Sun May 17 19:16:51 2026
asis /Volumes/classical/staging/Joan Sebastian Bach/Bach - Complete Works [Brilliant Classics]/Vol II - Keyboard Works/CD 13 - English Suites
import started Sun May 17 19:17:28 2026
asis /Volumes/classical/staging/Joan Sebastian Bach/Bach - Complete Works [Brilliant Classics]/Vol II - Keyboard Works/CD 14 - Concerto Transcriptions
import started Sun May 17 19:18:07 2026
asis /Volumes/classical/staging/Joan Sebastian Bach/Bach - Complete Works [Brilliant Classics]/Vol II - Keyboard Works/CD 15 - Concerto Transcriptions
import started Sun May 17 19:18:41 2026
asis /Volumes/classical/staging/Joan Sebastian Bach/Bach - Complete Works [Brilliant Classics]/Vol II - Keyboard Works/CD 16 - French Suites
import started Sun May 17 19:19:36 2026
import started Sun May 17 19:19:46 2026
asis /Volumes/classical/staging/Joan Sebastian Bach/Bach - Complete Works [Brilliant Classics]/Vol II - Keyboard Works/CD 17 - French Suites
import started Sun May 17 19:20:16 2026
asis /Volumes/classical/staging/Joan Sebastian Bach/Bach - Complete Works [Brilliant Classics]/Vol II - Keyboard Works/CD 18 - Toccatas
import started Sun May 17 19:20:37 2026
asis /Volumes/classical/staging/Joan Sebastian Bach/Bach - Complete Works [Brilliant Classics]/Vol II - Keyboard Works/CD 19 - Art of Fugue
import started Sun May 17 19:21:28 2026
asis /Volumes/classical/staging/Joan Sebastian Bach/Bach - Complete Works [Brilliant Classics]/Vol II - Keyboard Works/CD 2 - The Well-Tempered Clavier
import started Sun May 17 19:21:59 2026
asis /Volumes/classical/staging/Joan Sebastian Bach/Bach - Complete Works [Brilliant Classics]/Vol II - Keyboard Works/CD 20 - Art of Fugue
import started Sun May 17 19:23:45 2026
import started Sun May 17 19:23:55 2026
asis /Volumes/classical/staging/Joan Sebastian Bach/Bach - Complete Works [Brilliant Classics]/Vol II - Keyboard Works/CD 21 - Sonatas, Suites, Fantasias
import started Sun May 17 19:24:26 2026
asis /Volumes/classical/staging/Joan Sebastian Bach/Bach - Complete Works [Brilliant Classics]/Vol II - Keyboard Works/CD 22 Suites, Fantasias, Preludes & Fugues
import started Sun May 17 19:25:01 2026
asis /Volumes/classical/staging/Joan Sebastian Bach/Bach - Complete Works [Brilliant Classics]/Vol II - Keyboard Works/CD 23 - Inventionen & Sinfonias
import started Sun May 17 19:25:41 2026
asis /Volumes/classical/staging/Joan Sebastian Bach/Bach - Complete Works [Brilliant Classics]/Vol II - Keyboard Works/CD 3 - The Well-Tempered Clavier
import started Sun May 17 19:26:14 2026
asis /Volumes/classical/staging/Joan Sebastian Bach/Bach - Complete Works [Brilliant Classics]/Vol II - Keyboard Works/CD 4 - The Well-Tempered Clavier
import started Sun May 17 19:26:45 2026
asis /Volumes/classical/staging/Joan Sebastian Bach/Bach - Complete Works [Brilliant Classics]/Vol II - Keyboard Works/CD 5 - Partitas
import started Sun May 17 19:27:13 2026
asis /Volumes/classical/staging/Joan Sebastian Bach/Bach - Complete Works [Brilliant Classics]/Vol II - Keyboard Works/CD 6 - Partitas
import started Sun May 17 19:27:43 2026
asis /Volumes/classical/staging/Joan Sebastian Bach/Bach - Complete Works [Brilliant Classics]/Vol II - Keyboard Works/CD 7 - Sonatas, Suites, Preludes & Fugues
import started Sun May 17 19:28:05 2026
asis /Volumes/classical/staging/Joan Sebastian Bach/Bach - Complete Works [Brilliant Classics]/Vol II - Keyboard Works/CD 8 - Sonatas, Suites, Preludes & Fugues
import started Sun May 17 19:28:28 2026
asis /Volumes/classical/staging/Joan Sebastian Bach/Bach - Complete Works [Brilliant Classics]/Vol II - Keyboard Works/CD 9 - Sonatas, Suites, Preludes & Fugues
import started Sun May 17 19:28:49 2026
asis /Volumes/classical/staging/Joan Sebastian Bach/Bach - Complete Works [Brilliant Classics]/Vol III - Cantantas I/CD 1 - BWV 80, 82, 61
import started Sun May 17 19:29:16 2026
asis /Volumes/classical/staging/Joan Sebastian Bach/Bach - Complete Works [Brilliant Classics]/Vol III - Cantantas I/CD 10 - BWV 135, 86, 85, 167
import started Sun May 17 19:30:11 2026
import started Sun May 17 19:30:21 2026
asis /Volumes/classical/staging/Joan Sebastian Bach/Bach - Complete Works [Brilliant Classics]/Vol III - Cantantas I/CD 11 - BWV 172, 182, 90
import started Sun May 17 19:31:19 2026
import started Sun May 17 19:31:29 2026
asis /Volumes/classical/staging/Joan Sebastian Bach/Bach - Complete Works [Brilliant Classics]/Vol III - Cantantas I/CD 12 - BWV 106, 199, 161
import started Sun May 17 19:31:58 2026
asis /Volumes/classical/staging/Joan Sebastian Bach/Bach - Complete Works [Brilliant Classics]/Vol III - Cantantas I/CD 13 - BWV 99, 35, 17
import started Sun May 17 19:32:59 2026
import started Sun May 17 19:33:10 2026
asis /Volumes/classical/staging/Joan Sebastian Bach/Bach - Complete Works [Brilliant Classics]/Vol III - Cantantas I/CD 14 - BWV 123, 87, 173
import started Sun May 17 19:33:35 2026
asis /Volumes/classical/staging/Joan Sebastian Bach/Bach - Complete Works [Brilliant Classics]/Vol III - Cantantas I/CD 15 - BWV 117, 153, 168
import started Sun May 17 19:34:02 2026
asis /Volumes/classical/staging/Joan Sebastian Bach/Bach - Complete Works [Brilliant Classics]/Vol III - Cantantas I/CD 16 - BWV 130, 138, 81
import started Sun May 17 19:34:50 2026
import started Sun May 17 19:35:01 2026
asis /Volumes/classical/staging/Joan Sebastian Bach/Bach - Complete Works [Brilliant Classics]/Vol III - Cantantas I/CD 17 - BWV 149, 69, 169
import started Sun May 17 19:36:10 2026
import started Sun May 17 19:36:21 2026
asis /Volumes/classical/staging/Joan Sebastian Bach/Bach - Complete Works [Brilliant Classics]/Vol III - Cantantas I/CD 18 - 45, 150, 122
import started Sun May 17 19:37:13 2026
import started Sun May 17 19:37:23 2026
asis /Volumes/classical/staging/Joan Sebastian Bach/Bach - Complete Works [Brilliant Classics]/Vol III - Cantantas I/CD 19 - BWV 116, 13, 144
import started Sun May 17 19:37:52 2026
asis /Volumes/classical/staging/Joan Sebastian Bach/Bach - Complete Works [Brilliant Classics]/Vol III - Cantantas I/CD 2 - BWV 16, 170, 133
import started Sun May 17 19:38:16 2026
asis /Volumes/classical/staging/Joan Sebastian Bach/Bach - Complete Works [Brilliant Classics]/Vol III - Cantantas I/CD 20 - BWV 102, 7, 196
import started Sun May 17 19:39:31 2026
import started Sun May 17 19:39:41 2026
asis /Volumes/classical/staging/Joan Sebastian Bach/Bach - Complete Works [Brilliant Classics]/Vol III - Cantantas I/CD 21 - BWV 46, 107, 179
import started Sun May 17 19:41:03 2026
import started Sun May 17 19:41:13 2026
asis /Volumes/classical/staging/Joan Sebastian Bach/Bach - Complete Works [Brilliant Classics]/Vol III - Cantantas I/CD 22 - BWV 6, 163, 96
import started Sun May 17 19:42:42 2026
import started Sun May 17 19:42:52 2026
asis /Volumes/classical/staging/Joan Sebastian Bach/Bach - Complete Works [Brilliant Classics]/Vol III - Cantantas I/CD 23 - BWV 178, 156, 27
import started Sun May 17 19:43:45 2026
import started Sun May 17 19:43:55 2026
asis /Volumes/classical/staging/Joan Sebastian Bach/Bach - Complete Works [Brilliant Classics]/Vol III - Cantantas I/CD 24 - BWV 115, 55, 94
import started Sun May 17 19:44:21 2026
asis /Volumes/classical/staging/Joan Sebastian Bach/Bach - Complete Works [Brilliant Classics]/Vol III - Cantantas I/CD 25 - BWV 26, 164, 139
import started Sun May 17 19:44:45 2026
asis /Volumes/classical/staging/Joan Sebastian Bach/Bach - Complete Works [Brilliant Classics]/Vol III - Cantantas I/CD 26 - BWV 103, 185, 2
import started Sun May 17 19:45:17 2026
asis /Volumes/classical/staging/Joan Sebastian Bach/Bach - Complete Works [Brilliant Classics]/Vol III - Cantantas I/CD 27 - BWV 60, 78, 151
import started Sun May 17 19:46:17 2026
import started Sun May 17 19:46:28 2026
asis /Volumes/classical/staging/Joan Sebastian Bach/Bach - Complete Works [Brilliant Classics]/Vol III - Cantantas I/CD 28 - BWV 128, 154, 62
import started Sun May 17 19:47:47 2026
import started Sun May 17 19:47:57 2026
asis /Volumes/classical/staging/Joan Sebastian Bach/Bach - Complete Works [Brilliant Classics]/Vol III - Cantantas I/CD 29 - BWV 192, 93, 145, 171
import started Sun May 17 19:48:55 2026
import started Sun May 17 19:49:05 2026
asis /Volumes/classical/staging/Joan Sebastian Bach/Bach - Complete Works [Brilliant Classics]/Vol III - Cantantas I/CD 3 - BWV 97, 132, 72
import started Sun May 17 19:49:32 2026
asis /Volumes/classical/staging/Joan Sebastian Bach/Bach - Complete Works [Brilliant Classics]/Vol III - Cantantas I/CD 30 - BWV 8, 186, 3
import started Sun May 17 19:50:01 2026
asis /Volumes/classical/staging/Joan Sebastian Bach/Bach - Complete Works [Brilliant Classics]/Vol III - Cantantas I/CD 4 - BWV 113, 42
import started Sun May 17 19:50:27 2026
asis /Volumes/classical/staging/Joan Sebastian Bach/Bach - Complete Works [Brilliant Classics]/Vol III - Cantantas I/CD 5 - BWV 33, 56, 38
import started Sun May 17 19:50:54 2026
asis /Volumes/classical/staging/Joan Sebastian Bach/Bach - Complete Works [Brilliant Classics]/Vol III - Cantantas I/CD 6 - BWV 92, 54, 44
import started Sun May 17 19:51:22 2026
asis /Volumes/classical/staging/Joan Sebastian Bach/Bach - Complete Works [Brilliant Classics]/Vol III - Cantantas I/CD 7 - BWV 111, 159, 165, 22
import started Sun May 17 19:51:49 2026
asis /Volumes/classical/staging/Joan Sebastian Bach/Bach - Complete Works [Brilliant Classics]/Vol III - Cantantas I/CD 8 - BWV 114, 57, 155
import started Sun May 17 19:52:15 2026
asis /Volumes/classical/staging/Joan Sebastian Bach/Bach - Complete Works [Brilliant Classics]/Vol III - Cantantas I/CD 9 - BWV 98, 188, 23
import started Sun May 17 19:53:33 2026
import started Sun May 17 19:53:43 2026
asis /Volumes/classical/staging/Joan Sebastian Bach/Bach - Complete Works [Brilliant Classics]/Vol IV - Cantantas II/CD 1 - BWV 198, 110
import started Sun May 17 19:54:41 2026
import started Sun May 17 19:54:51 2026
asis /Volumes/classical/staging/Joan Sebastian Bach/Bach - Complete Works [Brilliant Classics]/Vol IV - Cantantas II/CD 10 - BWV 136, 187, 49
import started Sun May 17 19:56:19 2026
import started Sun May 17 19:56:30 2026
asis /Volumes/classical/staging/Joan Sebastian Bach/Bach - Complete Works [Brilliant Classics]/Vol IV - Cantantas II/CD 11 - BWV 195, 1, 63
import started Sun May 17 19:57:05 2026
asis /Volumes/classical/staging/Joan Sebastian Bach/Bach - Complete Works [Brilliant Classics]/Vol IV - Cantantas II/CD 12 - BWV 51, 32, 14
import started Sun May 17 19:57:28 2026
asis /Volumes/classical/staging/Joan Sebastian Bach/Bach - Complete Works [Brilliant Classics]/Vol IV - Cantantas II/CD 13 - BWV 109, 58, 162
import started Sun May 17 19:57:52 2026
asis /Volumes/classical/staging/Joan Sebastian Bach/Bach - Complete Works [Brilliant Classics]/Vol IV - Cantantas II/CD 14 - BWV 104, 83, 50, 183
import started Sun May 17 19:58:16 2026
asis /Volumes/classical/staging/Joan Sebastian Bach/Bach - Complete Works [Brilliant Classics]/Vol IV - Cantantas II/CD 15 - BWV 5, 38, 20
import started Sun May 17 19:58:44 2026
asis /Volumes/classical/staging/Joan Sebastian Bach/Bach - Complete Works [Brilliant Classics]/Vol IV - Cantantas II/CD 16 - BWV 146, 28, 48
import started Sun May 17 19:59:10 2026
asis /Volumes/classical/staging/Joan Sebastian Bach/Bach - Complete Works [Brilliant Classics]/Vol IV - Cantantas II/CD 17 - BWV 39, 143, 175, 65
import started Sun May 17 19:59:39 2026
asis /Volumes/classical/staging/Joan Sebastian Bach/Bach - Complete Works [Brilliant Classics]/Vol IV - Cantantas II/CD 18 - BWV 180, 197, 52
import started Sun May 17 20:00:06 2026
asis /Volumes/classical/staging/Joan Sebastian Bach/Bach - Complete Works [Brilliant Classics]/Vol IV - Cantantas II/CD 19 - BWV 137, 25, 119, 43
import started Sun May 17 20:00:37 2026
asis /Volumes/classical/staging/Joan Sebastian Bach/Bach - Complete Works [Brilliant Classics]/Vol IV - Cantantas II/CD 2 - BWV 73, 1265, 157
import started Sun May 17 20:01:21 2026
asis /Volumes/classical/staging/Joan Sebastian Bach/Bach - Complete Works [Brilliant Classics]/Vol IV - Cantantas II/CD 20 - BWV 75, 59, 21
import started Sun May 17 20:02:01 2026
asis /Volumes/classical/staging/Joan Sebastian Bach/Bach - Complete Works [Brilliant Classics]/Vol IV - Cantantas II/CD 21 - BWV 101, 127, 95, 124
import started Sun May 17 20:02:38 2026
asis /Volumes/classical/staging/Joan Sebastian Bach/Bach - Complete Works [Brilliant Classics]/Vol IV - Cantantas II/CD 22 - BWV 12, 74, 177
import started Sun May 17 20:03:03 2026
asis /Volumes/classical/staging/Joan Sebastian Bach/Bach - Complete Works [Brilliant Classics]/Vol IV - Cantantas II/CD 23 - BWV 71, 76, 10
import started Sun May 17 20:03:42 2026
asis /Volumes/classical/staging/Joan Sebastian Bach/Bach - Complete Works [Brilliant Classics]/Vol IV - Cantantas II/CD 24 - BWV 64, 134, 105
import started Sun May 17 20:04:09 2026
asis /Volumes/classical/staging/Joan Sebastian Bach/Bach - Complete Works [Brilliant Classics]/Vol IV - Cantantas II/CD 25 - BWV 4, 158, 131, 70
import started Sun May 17 20:04:40 2026
asis /Volumes/classical/staging/Joan Sebastian Bach/Bach - Complete Works [Brilliant Classics]/Vol IV - Cantantas II/CD 26 - BWV 147, 181, 66
import started Sun May 17 20:05:13 2026
asis /Volumes/classical/staging/Joan Sebastian Bach/Bach - Complete Works [Brilliant Classics]/Vol IV - Cantantas II/CD 27 - BWV 148, 174, 112, 68
import started Sun May 17 20:05:47 2026
asis /Volumes/classical/staging/Joan Sebastian Bach/Bach - Complete Works [Brilliant Classics]/Vol IV - Cantantas II/CD 28 - BWV 77, 24, 126, 67
import started Sun May 17 20:06:23 2026
asis /Volumes/classical/staging/Joan Sebastian Bach/Bach - Complete Works [Brilliant Classics]/Vol IV - Cantantas II/CD 29 - BWV 34,31, 19
import started Sun May 17 20:06:48 2026
asis /Volumes/classical/staging/Joan Sebastian Bach/Bach - Complete Works [Brilliant Classics]/Vol IV - Cantantas II/CD 3 - BWV 9, 91, 47
import started Sun May 17 20:07:23 2026
asis /Volumes/classical/staging/Joan Sebastian Bach/Bach - Complete Works [Brilliant Classics]/Vol IV - Cantantas II/CD 30 - BWV 41, 29, 120
import started Sun May 17 20:07:49 2026
asis /Volumes/classical/staging/Joan Sebastian Bach/Bach - Complete Works [Brilliant Classics]/Vol IV - Cantantas II/CD 4 - BWV 152, 121, 166
import started Sun May 17 20:08:13 2026
asis /Volumes/classical/staging/Joan Sebastian Bach/Bach - Complete Works [Brilliant Classics]/Vol IV - Cantantas II/CD 5 - BWV 36, 184, 129
import started Sun May 17 20:08:58 2026
asis /Volumes/classical/staging/Joan Sebastian Bach/Bach - Complete Works [Brilliant Classics]/Vol IV - Cantantas II/CD 6 - BWV 140, 88, 79
import started Sun May 17 20:09:23 2026
asis /Volumes/classical/staging/Joan Sebastian Bach/Bach - Complete Works [Brilliant Classics]/Vol IV - Cantantas II/CD 7 - BWV 194, 176, 89
import started Sun May 17 20:10:16 2026
import started Sun May 17 20:10:27 2026
asis /Volumes/classical/staging/Joan Sebastian Bach/Bach - Complete Works [Brilliant Classics]/Vol IV - Cantantas II/CD 8 - BWV 100, 108, 18
import started Sun May 17 20:11:03 2026
asis /Volumes/classical/staging/Joan Sebastian Bach/Bach - Complete Works [Brilliant Classics]/Vol IV - Cantantas II/CD 9 - BWV 40, 84, 30
import started Sun May 17 20:11:31 2026
asis /Volumes/classical/staging/Joan Sebastian Bach/Bach - Complete Works [Brilliant Classics]/Vol V - Vocal Works/CD 1 - Mass in B minor
import started Sun May 17 20:11:53 2026
asis /Volumes/classical/staging/Joan Sebastian Bach/Bach - Complete Works [Brilliant Classics]/Vol V - Vocal Works/CD 10 - Secular Cantantas
import started Sun May 17 20:12:19 2026
asis /Volumes/classical/staging/Joan Sebastian Bach/Bach - Complete Works [Brilliant Classics]/Vol V - Vocal Works/CD 11 - Secular Cantantas
import started Sun May 17 20:12:48 2026
asis /Volumes/classical/staging/Joan Sebastian Bach/Bach - Complete Works [Brilliant Classics]/Vol V - Vocal Works/CD 12 - Secular Cantantas
import started Sun May 17 20:13:19 2026
asis /Volumes/classical/staging/Joan Sebastian Bach/Bach - Complete Works [Brilliant Classics]/Vol V - Vocal Works/CD 13 - Secular Cantantas
import started Sun May 17 20:13:52 2026
asis /Volumes/classical/staging/Joan Sebastian Bach/Bach - Complete Works [Brilliant Classics]/Vol V - Vocal Works/CD 14 - Secular Cantantas
import started Sun May 17 20:14:21 2026
asis /Volumes/classical/staging/Joan Sebastian Bach/Bach - Complete Works [Brilliant Classics]/Vol V - Vocal Works/CD 15 - Secular Cantantas
import started Sun May 17 20:14:54 2026
asis /Volumes/classical/staging/Joan Sebastian Bach/Bach - Complete Works [Brilliant Classics]/Vol V - Vocal Works/CD 16 - Secular Cantantas
import started Sun May 17 20:15:21 2026
asis /Volumes/classical/staging/Joan Sebastian Bach/Bach - Complete Works [Brilliant Classics]/Vol V - Vocal Works/CD 17 - Matthæus Passion
import started Sun May 17 20:15:56 2026
asis /Volumes/classical/staging/Joan Sebastian Bach/Bach - Complete Works [Brilliant Classics]/Vol V - Vocal Works/CD 18 - Matthæus Passion
import started Sun May 17 20:16:27 2026
asis /Volumes/classical/staging/Joan Sebastian Bach/Bach - Complete Works [Brilliant Classics]/Vol V - Vocal Works/CD 19 - Matthæus Passion
import started Sun May 17 20:17:00 2026
asis /Volumes/classical/staging/Joan Sebastian Bach/Bach - Complete Works [Brilliant Classics]/Vol V - Vocal Works/CD 2 - Mass in B minor
import started Sun May 17 20:17:40 2026
import started Sun May 17 20:17:51 2026
asis /Volumes/classical/staging/Joan Sebastian Bach/Bach - Complete Works [Brilliant Classics]/Vol V - Vocal Works/CD 20 - Johannes Passion
import started Sun May 17 20:18:20 2026
asis /Volumes/classical/staging/Joan Sebastian Bach/Bach - Complete Works [Brilliant Classics]/Vol V - Vocal Works/CD 21 - Johannes Passion
import started Sun May 17 20:18:45 2026
asis /Volumes/classical/staging/Joan Sebastian Bach/Bach - Complete Works [Brilliant Classics]/Vol V - Vocal Works/CD 22 - Markus Passion
import started Sun May 17 20:19:17 2026
asis /Volumes/classical/staging/Joan Sebastian Bach/Bach - Complete Works [Brilliant Classics]/Vol V - Vocal Works/CD 23 - Markus Passion
import started Sun May 17 20:19:45 2026
asis /Volumes/classical/staging/Joan Sebastian Bach/Bach - Complete Works [Brilliant Classics]/Vol V - Vocal Works/CD 24 - Lukas Passion
import started Sun May 17 20:20:41 2026
asis /Volumes/classical/staging/Joan Sebastian Bach/Bach - Complete Works [Brilliant Classics]/Vol V - Vocal Works/CD 25 - Luaks Passio
import started Sun May 17 20:21:22 2026
asis /Volumes/classical/staging/Joan Sebastian Bach/Bach - Complete Works [Brilliant Classics]/Vol V - Vocal Works/CD 26 - Weihnachtsoratorium
import started Sun May 17 20:21:49 2026
asis /Volumes/classical/staging/Joan Sebastian Bach/Bach - Complete Works [Brilliant Classics]/Vol V - Vocal Works/CD 27 - Weihnachtsoratorium
import started Sun May 17 20:22:21 2026
asis /Volumes/classical/staging/Joan Sebastian Bach/Bach - Complete Works [Brilliant Classics]/Vol V - Vocal Works/CD 28 - Weihnachtsoratorium
import started Sun May 17 20:22:47 2026
asis /Volumes/classical/staging/Joan Sebastian Bach/Bach - Complete Works [Brilliant Classics]/Vol V - Vocal Works/CD 29 - Himmelfahrts-Oratorium
import started Sun May 17 20:23:16 2026
asis /Volumes/classical/staging/Joan Sebastian Bach/Bach - Complete Works [Brilliant Classics]/Vol V - Vocal Works/CD 3 - 4 Masses
import started Sun May 17 20:23:46 2026
asis /Volumes/classical/staging/Joan Sebastian Bach/Bach - Complete Works [Brilliant Classics]/Vol V - Vocal Works/CD 30 - Tilge, Höchster, meine Sünden; Motets
import started Sun May 17 20:24:16 2026
asis /Volumes/classical/staging/Joan Sebastian Bach/Bach - Complete Works [Brilliant Classics]/Vol V - Vocal Works/CD 31 - Magnificat
import started Sun May 17 20:24:56 2026
asis /Volumes/classical/staging/Joan Sebastian Bach/Bach - Complete Works [Brilliant Classics]/Vol V - Vocal Works/CD 32 - Choräle
import started Sun May 17 20:25:29 2026
asis /Volumes/classical/staging/Joan Sebastian Bach/Bach - Complete Works [Brilliant Classics]/Vol V - Vocal Works/CD 33 - Choräle
import started Sun May 17 20:26:09 2026
asis /Volumes/classical/staging/Joan Sebastian Bach/Bach - Complete Works [Brilliant Classics]/Vol V - Vocal Works/CD 34 - Choräle
import started Sun May 17 20:26:45 2026
asis /Volumes/classical/staging/Joan Sebastian Bach/Bach - Complete Works [Brilliant Classics]/Vol V - Vocal Works/CD 35 - Choräle
import started Sun May 17 20:27:27 2026
asis /Volumes/classical/staging/Joan Sebastian Bach/Bach - Complete Works [Brilliant Classics]/Vol V - Vocal Works/CD 36 - Choräle
import started Sun May 17 20:28:16 2026
asis /Volumes/classical/staging/Joan Sebastian Bach/Bach - Complete Works [Brilliant Classics]/Vol V - Vocal Works/CD 37 - Choräle
import started Sun May 17 20:28:55 2026
asis /Volumes/classical/staging/Joan Sebastian Bach/Bach - Complete Works [Brilliant Classics]/Vol V - Vocal Works/CD 4 - 4 Masses
import started Sun May 17 20:29:26 2026
asis /Volumes/classical/staging/Joan Sebastian Bach/Bach - Complete Works [Brilliant Classics]/Vol V - Vocal Works/CD 5 - Schmellis Gesangbuch
import started Sun May 17 20:29:57 2026
asis /Volumes/classical/staging/Joan Sebastian Bach/Bach - Complete Works [Brilliant Classics]/Vol V - Vocal Works/CD 6 - Schmellis Gesangbuch
import started Sun May 17 20:30:26 2026
asis /Volumes/classical/staging/Joan Sebastian Bach/Bach - Complete Works [Brilliant Classics]/Vol V - Vocal Works/CD 7 - Motets
import started Sun May 17 20:30:54 2026
asis /Volumes/classical/staging/Joan Sebastian Bach/Bach - Complete Works [Brilliant Classics]/Vol V - Vocal Works/CD 8 - Easter Oratorio
import started Sun May 17 20:31:16 2026
asis /Volumes/classical/staging/Joan Sebastian Bach/Bach - Complete Works [Brilliant Classics]/Vol V - Vocal Works/CD 9 - Secular Cantantas
import started Sun May 17 20:31:40 2026
asis /Volumes/classical/staging/Joan Sebastian Bach/Bach - Complete Works [Brilliant Classics]/Vol VI - Organ Works/CD 1 BWV 651-661
import started Sun May 17 20:32:22 2026
asis /Volumes/classical/staging/Joan Sebastian Bach/Bach - Complete Works [Brilliant Classics]/Vol VI - Organ Works/CD 10 - BWV 1108-1120, 533, 550, 527, 582
import started Sun May 17 20:32:57 2026
asis /Volumes/classical/staging/Joan Sebastian Bach/Bach - Complete Works [Brilliant Classics]/Vol VI - Organ Works/CD 11 - BWV 562, 713, 575, 768, 537, 528, 544
import started Sun May 17 20:33:21 2026
asis /Volumes/classical/staging/Joan Sebastian Bach/Bach - Complete Works [Brilliant Classics]/Vol VI - Organ Works/CD 12 - BWV 565, 594, 579, 718, 1027a, 548
import started Sun May 17 20:33:45 2026
asis /Volumes/classical/staging/Joan Sebastian Bach/Bach - Complete Works [Brilliant Classics]/Vol VI - Organ Works/CD 13 - BWV 568, 943, 729, 545, 572, 583, 538
import started Sun May 17 20:34:09 2026
asis /Volumes/classical/staging/Joan Sebastian Bach/Bach - Complete Works [Brilliant Classics]/Vol VI - Organ Works/CD 14 - BWV 547, 595, 574, 577, 578, 583, 538
import started Sun May 17 20:35:45 2026
import started Sun May 17 20:35:55 2026
asis /Volumes/classical/staging/Joan Sebastian Bach/Bach - Complete Works [Brilliant Classics]/Vol VI - Organ Works/CD 15 - BWV 669-685
import started Sun May 17 20:36:20 2026
asis /Volumes/classical/staging/Joan Sebastian Bach/Bach - Complete Works [Brilliant Classics]/Vol VI - Organ Works/CD 16 - BWV 686-689, 802-805, 596, 529, 566
import started Sun May 17 20:36:46 2026
asis /Volumes/classical/staging/Joan Sebastian Bach/Bach - Complete Works [Brilliant Classics]/Vol VI - Organ Works/CD 17 - BWV 534, 543, 546, 770, 530, 580
import started Sun May 17 20:37:19 2026
asis /Volumes/classical/staging/Joan Sebastian Bach/Bach - Complete Works [Brilliant Classics]/Vol VI - Organ Works/CD 2 - BWV 645-650, 662-668
import started Sun May 17 20:37:42 2026
asis /Volumes/classical/staging/Joan Sebastian Bach/Bach - Complete Works [Brilliant Classics]/Vol VI - Organ Works/CD 3 - BWV 531, 532, 592, 730, 731, 733, 653b, 736, 737, 589, 588, 735
import started Sun May 17 20:38:06 2026
asis /Volumes/classical/staging/Joan Sebastian Bach/Bach - Complete Works [Brilliant Classics]/Vol VI - Organ Works/CD 4 - BWV 551, 535, 766, 525, 542, 690, 691, 131a
import started Sun May 17 20:38:29 2026
asis /Volumes/classical/staging/Joan Sebastian Bach/Bach - Complete Works [Brilliant Classics]/Vol VI - Organ Works/CD 5 - BWV 599-633
import started Sun May 17 20:38:51 2026
asis /Volumes/classical/staging/Joan Sebastian Bach/Bach - Complete Works [Brilliant Classics]/Vol VI - Organ Works/CD 6 - BWV 635-644, 561, 585, 553-560
import started Sun May 17 20:39:13 2026
asis /Volumes/classical/staging/Joan Sebastian Bach/Bach - Complete Works [Brilliant Classics]/Vol VI - Organ Works/CD 7 - BWV 536, 539, 705, 576, 563, 593, 587, 590, 696-704, 694, 695
import started Sun May 17 20:40:47 2026
import started Sun May 17 20:40:57 2026
asis /Volumes/classical/staging/Joan Sebastian Bach/Bach - Complete Works [Brilliant Classics]/Vol VI - Organ Works/CD 8 - BWV 767, 700, 702, 706, 707, 709, 710, 526, 541, 586, 564
import started Sun May 17 20:41:21 2026
asis /Volumes/classical/staging/Joan Sebastian Bach/Bach - Complete Works [Brilliant Classics]/Vol VI - Organ Works/CD 9 - BWV 1090-1107, 567, 569, 549, 570, 571, 594
import started Sun May 17 20:41:50 2026
asis /Volumes/classical/staging/Joan Sebastian Bach/Bach 333 (2018)/001 - Cantatas 150, 4, 71, 196 (1706-1708)
import started Sun May 17 20:42:08 2026
import started Sun May 17 20:42:18 2026
asis /Volumes/classical/staging/Joan Sebastian Bach/Bach 333 (2018)/002 - Cantatas 131, 106, 143, 18 (1708-1713)
import started Sun May 17 20:44:02 2026
import started Sun May 17 20:44:12 2026
asis /Volumes/classical/staging/Joan Sebastian Bach/Bach 333 (2018)/003 - Cantatas 182, 12, 54, 172 (1714)
import started Sun May 17 20:46:04 2026
import started Sun May 17 20:46:14 2026
asis /Volumes/classical/staging/Joan Sebastian Bach/Bach 333 (2018)/004 - Cantatas 21, 199 (1714)
import started Sun May 17 20:47:36 2026
import started Sun May 17 20:47:47 2026
asis /Volumes/classical/staging/Joan Sebastian Bach/Bach 333 (2018)/005 - Cantatas 61, 63, 152, 158, 31 (1714-1715)
import started Sun May 17 20:48:12 2026
import started Sun May 17 20:48:22 2026
asis /Volumes/classical/staging/Joan Sebastian Bach/Bach 333 (2018)/006 - Cantatas 165, 185, 163, 132, 155 (1715-1716)
import started Sun May 17 20:48:52 2026
import started Sun May 17 20:49:02 2026
asis /Volumes/classical/staging/Joan Sebastian Bach/Bach 333 (2018)/007 - Cantatas 161, 162, 22, 23, 59 (1716 & 1723)
import started Sun May 17 20:50:35 2026
import started Sun May 17 20:50:45 2026
asis /Volumes/classical/staging/Joan Sebastian Bach/Bach 333 (2018)/008 - Cantatas 75, 76, 24 (1723)
import started Sun May 17 20:51:31 2026
import started Sun May 17 20:51:41 2026
asis /Volumes/classical/staging/Joan Sebastian Bach/Bach 333 (2018)/009 - Cantatas 167, 147, 186, 136 (1723)
import started Sun May 17 20:53:04 2026
import started Sun May 17 20:53:15 2026
asis /Volumes/classical/staging/Joan Sebastian Bach/Bach 333 (2018)/010 - Cantatas 105, 46, 179, 50, 69a (1723)
import started Sun May 17 20:53:44 2026
import started Sun May 17 20:53:55 2026
asis /Volumes/classical/staging/Joan Sebastian Bach/Bach 333 (2018)/011 - Cantatas 77, 25, 119, 138 (1723)
import started Sun May 17 20:54:14 2026
import started Sun May 17 20:54:25 2026
asis /Volumes/classical/staging/Joan Sebastian Bach/Bach 333 (2018)/012 - Cantatas 95, 148, 48, 109 (1723)
import started Sun May 17 20:54:45 2026
import started Sun May 17 20:54:55 2026
asis /Volumes/classical/staging/Joan Sebastian Bach/Bach 333 (2018)/013 - Cantatas 89, 60, 90, 70, 40 (1723)
import started Sun May 17 20:55:18 2026
import started Sun May 17 20:55:28 2026
asis /Volumes/classical/staging/Joan Sebastian Bach/Bach 333 (2018)/014 - Cantatas 64, 190, 153, 65, 154 (1723-1724)
import started Sun May 17 20:55:50 2026
import started Sun May 17 20:56:01 2026
asis /Volumes/classical/staging/Joan Sebastian Bach/Bach 333 (2018)/015 - Cantatas 73, 81, 83, 144, 181 (1724)
import started Sun May 17 20:56:28 2026
import started Sun May 17 20:56:38 2026
asis /Volumes/classical/staging/Joan Sebastian Bach/Bach 333 (2018)/016 - Cantatas 18, 66, 134, 67 (1724)
import started Sun May 17 20:58:28 2026
import started Sun May 17 20:58:38 2026
asis /Volumes/classical/staging/Joan Sebastian Bach/Bach 333 (2018)/017 - Cantatas 104, 166, 86, 37, 44 (1724)
import started Sun May 17 20:59:15 2026
import started Sun May 17 20:59:25 2026
asis /Volumes/classical/staging/Joan Sebastian Bach/Bach 333 (2018)/018 - Cantatas 173, 184, 194 (1724)
import started Sun May 17 20:59:43 2026
import started Sun May 17 20:59:53 2026
asis /Volumes/classical/staging/Joan Sebastian Bach/Bach 333 (2018)/019 - Cantatas 20, 2, 7, 135 (1724)
import started Sun May 17 21:02:19 2026
import started Sun May 17 21:02:29 2026
asis /Volumes/classical/staging/Joan Sebastian Bach/Bach 333 (2018)/020 - Cantatas 10, 93, 107, 178 (1724)
import started Sun May 17 21:03:07 2026
import started Sun May 17 21:03:17 2026
asis /Volumes/classical/staging/Joan Sebastian Bach/Bach 333 (2018)/021 - Cantatas 94, 101, 113 (1724)
import started Sun May 17 21:03:44 2026
import started Sun May 17 21:03:54 2026
asis /Volumes/classical/staging/Joan Sebastian Bach/Bach 333 (2018)/022 - Cantatas 33, 78, 99, 8 (1724)
import started Sun May 17 21:04:21 2026
import started Sun May 17 21:04:31 2026
asis /Volumes/classical/staging/Joan Sebastian Bach/Bach 333 (2018)/023 - Cantatas 130, 114, 96, 5 (1724)
import started Sun May 17 21:07:41 2026
import started Sun May 17 21:07:51 2026
asis /Volumes/classical/staging/Joan Sebastian Bach/Bach 333 (2018)/024 - Cantatas 180, 38, 115, 139 (1724)
import started Sun May 17 21:10:15 2026
import started Sun May 17 21:10:25 2026
asis /Volumes/classical/staging/Joan Sebastian Bach/Bach 333 (2018)/025 - Cantatas 26, 116, 62, 91, 121 (1724)
import started Sun May 17 21:11:01 2026
import started Sun May 17 21:11:11 2026
asis /Volumes/classical/staging/Joan Sebastian Bach/Bach 333 (2018)/026 - Cantatas 133, 122, 41, 123 (1724-1725)
import started Sun May 17 21:11:43 2026
import started Sun May 17 21:11:53 2026
asis /Volumes/classical/staging/Joan Sebastian Bach/Bach 333 (2018)/027 - Cantatas 124, 3, 111, 92 (1725)
import started Sun May 17 21:14:21 2026
import started Sun May 17 21:14:31 2026
asis /Volumes/classical/staging/Joan Sebastian Bach/Bach 333 (2018)/028 - Cantatas 125, 126, 127 (1725)
import started Sun May 17 21:14:58 2026
import started Sun May 17 21:15:08 2026
asis /Volumes/classical/staging/Joan Sebastian Bach/Bach 333 (2018)/029 - Cantatas 1, 6, 42 (1725)
import started Sun May 17 21:15:34 2026
import started Sun May 17 21:15:45 2026
asis /Volumes/classical/staging/Joan Sebastian Bach/Bach 333 (2018)/030 - Cantatas 85, 103, 108, 87, 128 (1725)
import started Sun May 17 21:16:31 2026
import started Sun May 17 21:16:41 2026
asis /Volumes/classical/staging/Joan Sebastian Bach/Bach 333 (2018)/031 - Cantatas 183, 74, 68, 175, 176 (1725)
import started Sun May 17 21:17:03 2026
import started Sun May 17 21:17:13 2026
asis /Volumes/classical/staging/Joan Sebastian Bach/Bach 333 (2018)/032 - Cantatas 168, 137, 164, 79, 110 (1725)
import started Sun May 17 21:17:54 2026
import started Sun May 17 21:18:05 2026
asis /Volumes/classical/staging/Joan Sebastian Bach/Bach 333 (2018)/033 - Cantatas 57, 151, 28, 16 (1725-1726)
import started Sun May 17 21:19:31 2026
import started Sun May 17 21:19:41 2026
asis /Volumes/classical/staging/Joan Sebastian Bach/Bach 333 (2018)/034 - Cantatas 32, 13, 72, 43 (1726)
import started Sun May 17 21:20:03 2026
import started Sun May 17 21:20:13 2026
asis /Volumes/classical/staging/Joan Sebastian Bach/Bach 333 (2018)/035 - Cantatas 146, 129, 39 (1726)
import started Sun May 17 21:22:13 2026
import started Sun May 17 21:22:23 2026
asis /Volumes/classical/staging/Joan Sebastian Bach/Bach 333 (2018)/036 - Cantatas 88, 170, 187, 45 (1726)
import started Sun May 17 21:22:53 2026
import started Sun May 17 21:23:03 2026
asis /Volumes/classical/staging/Joan Sebastian Bach/Bach 333 (2018)/037 - Cantatas 102, 35, 17, 19 (1726)
import started Sun May 17 21:24:49 2026
import started Sun May 17 21:24:59 2026
asis /Volumes/classical/staging/Joan Sebastian Bach/Bach 333 (2018)/038 - Cantatas 27, 47, 169, 56 (1726)
import started Sun May 17 21:27:04 2026
import started Sun May 17 21:27:15 2026
asis /Volumes/classical/staging/Joan Sebastian Bach/Bach 333 (2018)/039 - Cantatas 49, 98, 55, 52, 58 (1726-1727)
import started Sun May 17 21:29:10 2026
import started Sun May 17 21:29:20 2026
asis /Volumes/classical/staging/Joan Sebastian Bach/Bach 333 (2018)/040 - Cantatas 82, 157, 84 (1727)
import started Sun May 17 21:30:55 2026
import started Sun May 17 21:31:06 2026
asis /Volumes/classical/staging/Joan Sebastian Bach/Bach 333 (2018)/041 - Cantatas 34, 193, 117, 188 (1727-1728)
import started Sun May 17 21:31:34 2026
import started Sun May 17 21:31:45 2026
asis /Volumes/classical/staging/Joan Sebastian Bach/Bach 333 (2018)/042 - Cantatas 171, 156, 159, 120a (1729)
import started Sun May 17 21:32:24 2026
import started Sun May 17 21:32:34 2026
asis /Volumes/classical/staging/Joan Sebastian Bach/Bach 333 (2018)/043 - Cantatas 174, 149, 51, 192, 112 (1729-1731)
import started Sun May 17 21:34:31 2026
import started Sun May 17 21:34:41 2026
asis /Volumes/classical/staging/Joan Sebastian Bach/Bach 333 (2018)/044 - Cantatas 29, 140, 36 (1731)
import started Sun May 17 21:36:48 2026
import started Sun May 17 21:36:58 2026
asis /Volumes/classical/staging/Joan Sebastian Bach/Bach 333 (2018)/045 - Cantatas 177, 9, 97, 14 (1732-1735)
import started Sun May 17 21:37:33 2026
import started Sun May 17 21:37:43 2026
asis /Volumes/classical/staging/Joan Sebastian Bach/Bach 333 (2018)/046 - Cantatas 100, 195, 197, 197a (c. 1728-1736)
import started Sun May 17 21:39:48 2026
import started Sun May 17 21:39:58 2026
asis /Volumes/classical/staging/Joan Sebastian Bach/Bach 333 (2018)/047 - Cantatas 30, 80b, 80, 120 (c. 1737-c. 1742)
import started Sun May 17 21:40:24 2026
import started Sun May 17 21:40:34 2026
asis /Volumes/classical/staging/Joan Sebastian Bach/Bach 333 (2018)/048 - Cantatas 191, 69 (1745-1748) ／ 4 Spurious Cantatas
import started Sun May 17 21:43:17 2026
import started Sun May 17 21:43:27 2026
asis /Volumes/classical/staging/Joan Sebastian Bach/Bach 333 (2018)/049 - 4-Part Chorales, BWV 250-318 AC-GO
import started Sun May 17 21:45:53 2026
import started Sun May 17 21:46:04 2026
asis /Volumes/classical/staging/Joan Sebastian Bach/Bach 333 (2018)/050 - 4-Part Chorales, BWV 319-381 GO-ME
import started Sun May 17 21:48:08 2026
import started Sun May 17 21:48:18 2026
asis /Volumes/classical/staging/Joan Sebastian Bach/Bach 333 (2018)/051 - 4-Part Chorales, BWV 382-438 MI-WO
import started Sun May 17 21:49:46 2026
import started Sun May 17 21:49:56 2026
asis /Volumes/classical/staging/Joan Sebastian Bach/Bach 333 (2018)/052 - Magnificat BWV 243, 243a
import started Sun May 17 21:51:40 2026
import started Sun May 17 21:51:51 2026
asis /Volumes/classical/staging/Joan Sebastian Bach/Bach 333 (2018)/053 - Motets
import started Sun May 17 21:54:42 2026
import started Sun May 17 21:54:53 2026
asis /Volumes/classical/staging/Joan Sebastian Bach/Bach 333 (2018)/054 - Mass in B minor (1 Mortensen)
import started Sun May 17 21:56:29 2026
import started Sun May 17 21:56:39 2026
asis /Volumes/classical/staging/Joan Sebastian Bach/Bach 333 (2018)/055 - Mass in B minor (2 Mortensen)
import started Sun May 17 21:58:37 2026
import started Sun May 17 21:58:47 2026
asis /Volumes/classical/staging/Joan Sebastian Bach/Bach 333 (2018)/056 - Mass in B minor (1 Brüggen)
import started Sun May 17 22:01:05 2026
import started Sun May 17 22:01:16 2026
asis /Volumes/classical/staging/Joan Sebastian Bach/Bach 333 (2018)/057 - Mass in B minor (2 Brüggen) ／ Missa BWV 233
import started Sun May 17 22:03:59 2026
import started Sun May 17 22:04:09 2026
asis /Volumes/classical/staging/Joan Sebastian Bach/Bach 333 (2018)/058 - Missas BWV 234-236
import started Sun May 17 22:06:22 2026
import started Sun May 17 22:06:32 2026
asis /Volumes/classical/staging/Joan Sebastian Bach/Bach 333 (2018)/059 - St. John Passion (1724) (1 Gardiner)
import started Sun May 17 22:08:34 2026
import started Sun May 17 22:08:44 2026
asis /Volumes/classical/staging/Joan Sebastian Bach/Bach 333 (2018)/060 - St. John Passion (1724) (2 Gardiner)
import started Sun May 17 22:10:28 2026
import started Sun May 17 22:10:38 2026
asis /Volumes/classical/staging/Joan Sebastian Bach/Bach 333 (2018)/061 - St. John Passion (1749) (1 Suzuki)
import started Sun May 17 22:12:21 2026
import started Sun May 17 22:12:32 2026
asis /Volumes/classical/staging/Joan Sebastian Bach/Bach 333 (2018)/062 - St. John Passion (1749) (2 Suzuki)
import started Sun May 17 22:14:03 2026
import started Sun May 17 22:14:14 2026
asis /Volumes/classical/staging/Joan Sebastian Bach/Bach 333 (2018)/063 - St. Matthew Passion (1 Gardiner)
import started Sun May 17 22:14:31 2026
asis /Volumes/classical/staging/Joan Sebastian Bach/Bach 333 (2018)/064 - St. Matthew Passion (2 Gardiner)
import started Sun May 17 22:14:48 2026
asis /Volumes/classical/staging/Joan Sebastian Bach/Bach 333 (2018)/065 - St. Matthew Passion (1 McCreesh)
import started Sun May 17 22:16:15 2026
import started Sun May 17 22:16:26 2026
asis /Volumes/classical/staging/Joan Sebastian Bach/Bach 333 (2018)/066 - St. Matthew Passion (2 McCreesh)
import started Sun May 17 22:18:59 2026
import started Sun May 17 22:19:09 2026
asis /Volumes/classical/staging/Joan Sebastian Bach/Bach 333 (2018)/067 - Easter Oratorio (McCreesh) ／ Ascension Oratorio (Gardiner)
import started Sun May 17 22:21:27 2026
import started Sun May 17 22:21:37 2026
asis /Volumes/classical/staging/Joan Sebastian Bach/Bach 333 (2018)/068 - Easter Oratorio ／ Ascension Oratorio (Leonhardt)
import started Sun May 17 22:23:40 2026
import started Sun May 17 22:23:50 2026
asis /Volumes/classical/staging/Joan Sebastian Bach/Bach 333 (2018)/069 - Christmas Oratorio (1 Gardiner)
import started Sun May 17 22:25:29 2026
import started Sun May 17 22:25:40 2026
asis /Volumes/classical/staging/Joan Sebastian Bach/Bach 333 (2018)/070 - Christmas Oratorio (2 Gardiner)
import started Sun May 17 22:27:25 2026
import started Sun May 17 22:27:35 2026
asis /Volumes/classical/staging/Joan Sebastian Bach/Bach 333 (2018)/071 - Christmas Oratorio (1 Chailly)
import started Sun May 17 22:29:19 2026
import started Sun May 17 22:29:30 2026
asis /Volumes/classical/staging/Joan Sebastian Bach/Bach 333 (2018)/072 - Christmas Oratorio (2 Chailly)
import started Sun May 17 22:31:34 2026
import started Sun May 17 22:31:44 2026
asis /Volumes/classical/staging/Joan Sebastian Bach/Bach 333 (2018)/073 - Cantatas 208, 202 ／ Quodlibet BWV 524 (c. 1708-c. 1717)
import started Sun May 17 22:33:22 2026
import started Sun May 17 22:33:32 2026
asis /Volumes/classical/staging/Joan Sebastian Bach/Bach 333 (2018)/074 - Cantatas 134a, 203, 173a (1719-c. 1723)
import started Sun May 17 22:34:59 2026
import started Sun May 17 22:35:09 2026
asis /Volumes/classical/staging/Joan Sebastian Bach/Bach 333 (2018)/075 - Cantatas 36c, 205, 34a (1725-1726)
import started Sun May 17 22:36:49 2026
import started Sun May 17 22:37:00 2026
asis /Volumes/classical/staging/Joan Sebastian Bach/Bach 333 (2018)/076 - Cantatas 207, 204, 216a (1726-1728)
import started Sun May 17 22:39:00 2026
import started Sun May 17 22:39:10 2026
asis /Volumes/classical/staging/Joan Sebastian Bach/Bach 333 (2018)/077 - Cantatas 198, 201 (1727-1729)
import started Sun May 17 22:39:34 2026
import started Sun May 17 22:39:44 2026
asis /Volumes/classical/staging/Joan Sebastian Bach/Bach 333 (2018)/078 - Cantatas 213, 214 (1733)
import started Sun May 17 22:41:54 2026
import started Sun May 17 22:42:04 2026
asis /Volumes/classical/staging/Joan Sebastian Bach/Bach 333 (2018)/079 - Cantatas 211, 215 (1734)
import started Sun May 17 22:43:30 2026
import started Sun May 17 22:43:40 2026
asis /Volumes/classical/staging/Joan Sebastian Bach/Bach 333 (2018)/080 - Cantatas 206, 30a (1736-1737)
import started Sun May 17 22:45:31 2026
import started Sun May 17 22:45:41 2026
asis /Volumes/classical/staging/Joan Sebastian Bach/Bach 333 (2018)/081 - Cantatas 209, 210, 212 (1730s-1740s)
import started Sun May 17 22:47:56 2026
import started Sun May 17 22:48:06 2026
asis /Volumes/classical/staging/Joan Sebastian Bach/Bach 333 (2018)/082 - Cantatas 67, 106, 19 ／ St. Matthew Passion (excerpts)
import started Sun May 17 22:50:15 2026
import started Sun May 17 22:50:25 2026
asis /Volumes/classical/staging/Joan Sebastian Bach/Bach 333 (2018)/083 - Cantatas 56, 82, 4
import started Sun May 17 22:52:24 2026
import started Sun May 17 22:52:34 2026
asis /Volumes/classical/staging/Joan Sebastian Bach/Bach 333 (2018)/084 - Cantatas 31, 104, 57
import started Sun May 17 22:54:39 2026
import started Sun May 17 22:54:49 2026
asis /Volumes/classical/staging/Joan Sebastian Bach/Bach 333 (2018)/085 - Cantatas 199, 173, 74, 151
import started Sun May 17 22:56:44 2026
import started Sun May 17 22:56:55 2026
asis /Volumes/classical/staging/Joan Sebastian Bach/Bach 333 (2018)/086 - Easter Oratorio ／ Cantata 140
import started Sun May 17 22:58:42 2026
import started Sun May 17 22:58:52 2026
asis /Volumes/classical/staging/Joan Sebastian Bach/Bach 333 (2018)/087 - Cantatas 170, 159, 102
import started Sun May 17 23:00:36 2026
import started Sun May 17 23:00:47 2026
asis /Volumes/classical/staging/Joan Sebastian Bach/Bach 333 (2018)/088 - Cantatas 80, 52, 84, 209
import started Sun May 17 23:03:03 2026
import started Sun May 17 23:03:13 2026
asis /Volumes/classical/staging/Joan Sebastian Bach/Bach 333 (2018)/089 - Cantatas 82, 158, 56
import started Sun May 17 23:04:59 2026
import started Sun May 17 23:05:09 2026
asis /Volumes/classical/staging/Joan Sebastian Bach/Bach 333 (2018)/090 - Cantatas 61, 63, 121, 28 (Advent & Christmas)
import started Sun May 17 23:06:49 2026
import started Sun May 17 23:06:59 2026
asis /Volumes/classical/staging/Joan Sebastian Bach/Bach 333 (2018)/091 - Cantatas 64, 65, 111, 81 (Advent & Christmas)
import started Sun May 17 23:08:25 2026
import started Sun May 17 23:08:35 2026
asis /Volumes/classical/staging/Joan Sebastian Bach/Bach 333 (2018)/092 - Cantatas 92, 126, 182 (Easter)
import started Sun May 17 23:09:56 2026
import started Sun May 17 23:10:06 2026
asis /Volumes/classical/staging/Joan Sebastian Bach/Bach 333 (2018)/093 - Cantatas 1, 4, 67, 104 (Easter)
import started Sun May 17 23:11:35 2026
import started Sun May 17 23:11:45 2026
asis /Volumes/classical/staging/Joan Sebastian Bach/Bach 333 (2018)/094 - Cantatas 34, 68, 39 (Whitsun)
import started Sun May 17 23:13:30 2026
import started Sun May 17 23:13:40 2026
asis /Volumes/classical/staging/Joan Sebastian Bach/Bach 333 (2018)/095 - Cantatas 30, 147 (Whitsun)
import started Sun May 17 23:16:11 2026
import started Sun May 17 23:16:21 2026
asis /Volumes/classical/staging/Joan Sebastian Bach/Bach 333 (2018)/096 - Cantatas 76, 21 (Trinity)
import started Sun May 17 23:17:59 2026
import started Sun May 17 23:18:10 2026
asis /Volumes/classical/staging/Joan Sebastian Bach/Bach 333 (2018)/097 - Cantatas 135, 10, 45, 105 (Trinity)
import started Sun May 17 23:19:36 2026
import started Sun May 17 23:19:47 2026
asis /Volumes/classical/staging/Joan Sebastian Bach/Bach 333 (2018)/098 - Cantatas 51, 78, 8, 130 (Trinity)
import started Sun May 17 23:21:36 2026
import started Sun May 17 23:21:47 2026
asis /Volumes/classical/staging/Joan Sebastian Bach/Bach 333 (2018)/099 - Cantatas 27, 5, 60, 26 (Trinity)
import started Sun May 17 23:23:42 2026
import started Sun May 17 23:23:52 2026
asis /Volumes/classical/staging/Joan Sebastian Bach/Bach 333 (2018)/100 - St. Matthew Passion (1 Richter)
import started Sun May 17 23:25:29 2026
import started Sun May 17 23:25:39 2026
asis /Volumes/classical/staging/Joan Sebastian Bach/Bach 333 (2018)/101 - St. Matthew Passion (2 Richter)
import started Sun May 17 23:27:40 2026
import started Sun May 17 23:27:50 2026
asis /Volumes/classical/staging/Joan Sebastian Bach/Bach 333 (2018)/102 - St. Matthew Passion (3 Richter)
import started Sun May 17 23:29:36 2026
import started Sun May 17 23:29:47 2026
asis /Volumes/classical/staging/Joan Sebastian Bach/Bach 333 (2018)/103 - Great Singers (1952-1965)
import started Sun May 17 23:31:57 2026
import started Sun May 17 23:32:07 2026
asis /Volumes/classical/staging/Joan Sebastian Bach/Bach 333 (2018)/104 - Great Singers (1967-2011)
import started Sun May 17 23:33:39 2026
import started Sun May 17 23:33:49 2026
asis /Volumes/classical/staging/Joan Sebastian Bach/Bach 333 (2018)/105 - Great Singers (Period Instruments)
import started Sun May 17 23:35:44 2026
import started Sun May 17 23:35:54 2026
asis /Volumes/classical/staging/Joan Sebastian Bach/Bach 333 (2018)/106 - Organ Works (Introduction 1)
import started Sun May 17 23:37:38 2026
import started Sun May 17 23:37:49 2026
asis /Volumes/classical/staging/Joan Sebastian Bach/Bach 333 (2018)/107 - Organ Works (Introduction 2)
import started Sun May 17 23:39:55 2026
import started Sun May 17 23:40:05 2026
asis /Volumes/classical/staging/Joan Sebastian Bach/Bach 333 (2018)/108 - Toccata & Fugue, BWV 565 ／ Other early works (c. 1700-1707)
import started Sun May 17 23:41:23 2026
import started Sun May 17 23:41:33 2026
asis /Volumes/classical/staging/Joan Sebastian Bach/Bach 333 (2018)/109 - Passacaglia & Fugue, BWV 582 ／ Other Weimar works
import started Sun May 17 23:43:34 2026
import started Sun May 17 23:43:44 2026
asis /Volumes/classical/staging/Joan Sebastian Bach/Bach 333 (2018)/110 - Fantasia & Fugue, BWV 542 ／ BWV 538-541 ／ Other Weimar works
import started Sun May 17 23:45:34 2026
import started Sun May 17 23:45:45 2026
asis /Volumes/classical/staging/Joan Sebastian Bach/Bach 333 (2018)/111 - Prelude & Fugue, BWV 548 ／ BWV 544-547 ／ Other Leipzig works
import started Sun May 17 23:47:19 2026
import started Sun May 17 23:47:30 2026
asis /Volumes/classical/staging/Joan Sebastian Bach/Bach 333 (2018)/112 - 6 Trio Sonatas, BWV 525-530 (Koopman)
import started Sun May 17 23:49:00 2026
import started Sun May 17 23:49:10 2026
asis /Volumes/classical/staging/Joan Sebastian Bach/Bach 333 (2018)/113 - 6 Trio Sonatas, BWV 525-530 (Chorzempa ／ Hurford ／ Preston ／ Walcha)
import started Sun May 17 23:50:43 2026
import started Sun May 17 23:50:53 2026
asis /Volumes/classical/staging/Joan Sebastian Bach/Bach 333 (2018)/114 - 31 Neumeister Chorales, BWV 1090-1120 (1700-1707)
import started Sun May 17 23:52:38 2026
import started Sun May 17 23:52:48 2026
asis /Volumes/classical/staging/Joan Sebastian Bach/Bach 333 (2018)/115 - Early Chorale Preludes ／ Chorale Partitas
import started Sun May 17 23:54:33 2026
import started Sun May 17 23:54:44 2026
asis /Volumes/classical/staging/Joan Sebastian Bach/Bach 333 (2018)/116 - Chorale Preludes (Mühlhausen & Weimar)
import started Sun May 17 23:56:04 2026
import started Sun May 17 23:56:14 2026
asis /Volumes/classical/staging/Joan Sebastian Bach/Bach 333 (2018)/117 - Breitkopf Collection, BWV 690-713
import started Sun May 17 23:57:43 2026
import started Sun May 17 23:57:53 2026
asis /Volumes/classical/staging/Joan Sebastian Bach/Bach 333 (2018)/118 - Orgelbüchlein (Preston)
import started Sun May 17 23:59:21 2026
import started Sun May 17 23:59:32 2026
asis /Volumes/classical/staging/Joan Sebastian Bach/Bach 333 (2018)/119 - 17 Chorale Preludes, BWV 651a-667a (Weimar) (Schmitt)
import started Mon May 18 00:01:00 2026
import started Mon May 18 00:01:10 2026
asis /Volumes/classical/staging/Joan Sebastian Bach/Bach 333 (2018)/120 - 18 Chorale Preludes, BWV 651-668 (Leipzig) (Rübsam)
import started Mon May 18 00:02:45 2026
import started Mon May 18 00:02:55 2026
asis /Volumes/classical/staging/Joan Sebastian Bach/Bach 333 (2018)/121 - 21 Chorale Preludes, BWV 669-689 (Walcha)
import started Mon May 18 00:04:19 2026
import started Mon May 18 00:04:29 2026
asis /Volumes/classical/staging/Joan Sebastian Bach/Bach 333 (2018)/122 - Clavier-Übung III (1) (Preston)
import started Mon May 18 00:05:38 2026
import started Mon May 18 00:05:49 2026
asis /Volumes/classical/staging/Joan Sebastian Bach/Bach 333 (2018)/123 - Clavier-Übung III (2) ／ Kleine Orgelmesse ／ 6 Schübler Chorales (Preston ／ Koopman)
import started Mon May 18 00:07:12 2026
import started Mon May 18 00:07:22 2026
asis /Volumes/classical/staging/Joan Sebastian Bach/Bach 333 (2018)/124 - Free Works of Unproven Authenticity
import started Mon May 18 00:08:48 2026
import started Mon May 18 00:08:58 2026
asis /Volumes/classical/staging/Joan Sebastian Bach/Bach 333 (2018)/125 - Chorale-Based Works of Unproven Authenticity (Fragments)
import started Mon May 18 00:10:38 2026
import started Mon May 18 00:10:49 2026
asis /Volumes/classical/staging/Joan Sebastian Bach/Bach 333 (2018)/126 - Keyboard Works (Introduction 1： Harpsichord)
import started Mon May 18 00:12:24 2026
import started Mon May 18 00:12:35 2026
asis /Volumes/classical/staging/Joan Sebastian Bach/Bach 333 (2018)/127 - Keyboard Works (Introduction 2： Piano)
import started Mon May 18 00:14:00 2026
import started Mon May 18 00:14:10 2026
asis /Volumes/classical/staging/Joan Sebastian Bach/Bach 333 (2018)/128 - Early Fugues & Capriccios
import started Mon May 18 00:16:31 2026
import started Mon May 18 00:16:41 2026
asis /Volumes/classical/staging/Joan Sebastian Bach/Bach 333 (2018)/129 - Early Suites & Sonatas
import started Mon May 18 00:18:37 2026
import started Mon May 18 00:18:47 2026
asis /Volumes/classical/staging/Joan Sebastian Bach/Bach 333 (2018)/130 - Toccatas, BWV 910-916
import started Mon May 18 00:20:25 2026
import started Mon May 18 00:20:35 2026
asis /Volumes/classical/staging/Joan Sebastian Bach/Bach 333 (2018)/131 - Virtuoso Fantasias & Fugues
import started Mon May 18 00:22:02 2026
import started Mon May 18 00:22:12 2026
asis /Volumes/classical/staging/Joan Sebastian Bach/Bach 333 (2018)/132 - Suites, BWV 996-997 ／ Aria variata, BWV 989 (Doubtful Works)
import started Mon May 18 00:24:09 2026
import started Mon May 18 00:24:19 2026
asis /Volumes/classical/staging/Joan Sebastian Bach/Bach 333 (2018)/133 - 2- & 3-Part Inventions ／ Preludes, BWV 924-943
import started Mon May 18 00:25:56 2026
import started Mon May 18 00:26:06 2026
asis /Volumes/classical/staging/Joan Sebastian Bach/Bach 333 (2018)/134 - English Suites 1-3 (Dreyfus)
import started Mon May 18 00:28:19 2026
import started Mon May 18 00:28:30 2026
asis /Volumes/classical/staging/Joan Sebastian Bach/Bach 333 (2018)/135 - English Suites 4-6 (Dreyfus)
import started Mon May 18 00:30:34 2026
import started Mon May 18 00:30:44 2026
asis /Volumes/classical/staging/Joan Sebastian Bach/Bach 333 (2018)/136 - French Suites 1-4 (Hogwood)
import started Mon May 18 00:31:51 2026
import started Mon May 18 00:32:01 2026
asis /Volumes/classical/staging/Joan Sebastian Bach/Bach 333 (2018)/137 - French Suites 5-6 ／ Suites, BWV 818a-819 (Hogwood)
import started Mon May 18 00:33:27 2026
import started Mon May 18 00:33:37 2026
asis /Volumes/classical/staging/Joan Sebastian Bach/Bach 333 (2018)/138 - Partitas 1, 2, 6 (Rousset)
import started Mon May 18 00:34:52 2026
import started Mon May 18 00:35:02 2026
asis /Volumes/classical/staging/Joan Sebastian Bach/Bach 333 (2018)/139 - Partitas 3-5 (Rousset)
import started Mon May 18 00:36:26 2026
import started Mon May 18 00:36:36 2026
asis /Volumes/classical/staging/Joan Sebastian Bach/Bach 333 (2018)/140 - Italian Concerto ／ French Overture ／ 4 Duets (Rousset)
import started Mon May 18 00:38:14 2026
import started Mon May 18 00:38:25 2026
asis /Volumes/classical/staging/Joan Sebastian Bach/Bach 333 (2018)/141 - The Well-Tempered Clavier, Book I (1 Gilbert)
import started Mon May 18 00:39:51 2026
import started Mon May 18 00:40:01 2026
asis /Volumes/classical/staging/Joan Sebastian Bach/Bach 333 (2018)/142 - The Well-Tempered Clavier, Book I (2 Gilbert)
import started Mon May 18 00:41:54 2026
import started Mon May 18 00:42:04 2026
import started Mon May 18 00:45:47 2026
import started Mon May 18 00:50:47 2026
import started Mon May 18 00:56:38 2026
asis /Volumes/classical/staging/Joan Sebastian Bach/Bach 333 (2018)/003 - Cantatas 182, 12, 54, 172 (1714)
import started Mon May 18 01:04:28 2026
asis /Volumes/classical/staging/Joan Sebastian Bach/Bach 333 (2018)/004 - Cantatas 21, 199 (1714)
import started Mon May 18 01:05:54 2026
asis /Volumes/classical/staging/Joan Sebastian Bach/Bach 333 (2018)/005 - Cantatas 61, 63, 152, 158, 31 (1714-1715)
import started Mon May 18 01:07:31 2026
asis /Volumes/classical/staging/Joan Sebastian Bach/Bach 333 (2018)/006 - Cantatas 165, 185, 163, 132, 155 (1715-1716)
import started Mon May 18 01:10:16 2026
asis /Volumes/classical/staging/Joan Sebastian Bach/Bach 333 (2018)/007 - Cantatas 161, 162, 22, 23, 59 (1716 & 1723)
import started Mon May 18 01:11:52 2026
asis /Volumes/classical/staging/Joan Sebastian Bach/Bach 333 (2018)/008 - Cantatas 75, 76, 24 (1723)
import started Mon May 18 01:13:27 2026
asis /Volumes/classical/staging/Joan Sebastian Bach/Bach 333 (2018)/009 - Cantatas 167, 147, 186, 136 (1723)
import started Mon May 18 01:14:52 2026
asis /Volumes/classical/staging/Joan Sebastian Bach/Bach 333 (2018)/010 - Cantatas 105, 46, 179, 50, 69a (1723)
import started Mon May 18 01:17:06 2026
asis /Volumes/classical/staging/Joan Sebastian Bach/Bach 333 (2018)/011 - Cantatas 77, 25, 119, 138 (1723)
import started Mon May 18 01:19:16 2026
asis /Volumes/classical/staging/Joan Sebastian Bach/Bach 333 (2018)/012 - Cantatas 95, 148, 48, 109 (1723)
import started Mon May 18 01:20:55 2026
asis /Volumes/classical/staging/Joan Sebastian Bach/Bach 333 (2018)/013 - Cantatas 89, 60, 90, 70, 40 (1723)
import started Mon May 18 01:22:40 2026
asis /Volumes/classical/staging/Joan Sebastian Bach/Bach 333 (2018)/014 - Cantatas 64, 190, 153, 65, 154 (1723-1724)
import started Mon May 18 01:24:16 2026
asis /Volumes/classical/staging/Joan Sebastian Bach/Bach 333 (2018)/015 - Cantatas 73, 81, 83, 144, 181 (1724)
import started Mon May 18 01:25:53 2026
asis /Volumes/classical/staging/Joan Sebastian Bach/Bach 333 (2018)/016 - Cantatas 18, 66, 134, 67 (1724)
import started Mon May 18 01:27:19 2026
asis /Volumes/classical/staging/Joan Sebastian Bach/Bach 333 (2018)/017 - Cantatas 104, 166, 86, 37, 44 (1724)
import started Mon May 18 01:29:00 2026
asis /Volumes/classical/staging/Joan Sebastian Bach/Bach 333 (2018)/018 - Cantatas 173, 184, 194 (1724)
import started Mon May 18 01:30:37 2026
asis /Volumes/classical/staging/Joan Sebastian Bach/Bach 333 (2018)/019 - Cantatas 20, 2, 7, 135 (1724)
import started Mon May 18 01:32:05 2026
asis /Volumes/classical/staging/Joan Sebastian Bach/Bach 333 (2018)/020 - Cantatas 10, 93, 107, 178 (1724)
import started Mon May 18 01:34:33 2026
asis /Volumes/classical/staging/Joan Sebastian Bach/Bach 333 (2018)/021 - Cantatas 94, 101, 113 (1724)
import started Mon May 18 01:36:08 2026
asis /Volumes/classical/staging/Joan Sebastian Bach/Bach 333 (2018)/022 - Cantatas 33, 78, 99, 8 (1724)
import started Mon May 18 01:37:44 2026
asis /Volumes/classical/staging/Joan Sebastian Bach/Bach 333 (2018)/023 - Cantatas 130, 114, 96, 5 (1724)
import started Mon May 18 01:39:55 2026
asis /Volumes/classical/staging/Joan Sebastian Bach/Bach 333 (2018)/024 - Cantatas 180, 38, 115, 139 (1724)
import started Mon May 18 01:41:53 2026
asis /Volumes/classical/staging/Joan Sebastian Bach/Bach 333 (2018)/025 - Cantatas 26, 116, 62, 91, 121 (1724)
import started Mon May 18 01:44:13 2026
asis /Volumes/classical/staging/Joan Sebastian Bach/Bach 333 (2018)/026 - Cantatas 133, 122, 41, 123 (1724-1725)
import started Mon May 18 01:45:49 2026
asis /Volumes/classical/staging/Joan Sebastian Bach/Bach 333 (2018)/027 - Cantatas 124, 3, 111, 92 (1725)
import started Mon May 18 01:47:13 2026
asis /Volumes/classical/staging/Joan Sebastian Bach/Bach 333 (2018)/028 - Cantatas 125, 126, 127 (1725)
import started Mon May 18 01:48:48 2026
asis /Volumes/classical/staging/Joan Sebastian Bach/Bach 333 (2018)/029 - Cantatas 1, 6, 42 (1725)
import started Mon May 18 01:50:24 2026
asis /Volumes/classical/staging/Joan Sebastian Bach/Bach 333 (2018)/030 - Cantatas 85, 103, 108, 87, 128 (1725)
import started Mon May 18 01:52:00 2026
asis /Volumes/classical/staging/Joan Sebastian Bach/Bach 333 (2018)/031 - Cantatas 183, 74, 68, 175, 176 (1725)
import started Mon May 18 01:53:36 2026
asis /Volumes/classical/staging/Joan Sebastian Bach/Bach 333 (2018)/032 - Cantatas 168, 137, 164, 79, 110 (1725)
import started Mon May 18 01:55:11 2026
asis /Volumes/classical/staging/Joan Sebastian Bach/Bach 333 (2018)/033 - Cantatas 57, 151, 28, 16 (1725-1726)
import started Mon May 18 01:56:34 2026
asis /Volumes/classical/staging/Joan Sebastian Bach/Bach 333 (2018)/034 - Cantatas 32, 13, 72, 43 (1726)
import started Mon May 18 01:58:08 2026
asis /Volumes/classical/staging/Joan Sebastian Bach/Bach 333 (2018)/035 - Cantatas 146, 129, 39 (1726)
import started Mon May 18 02:00:07 2026
asis /Volumes/classical/staging/Joan Sebastian Bach/Bach 333 (2018)/036 - Cantatas 88, 170, 187, 45 (1726)
import started Mon May 18 02:02:20 2026
asis /Volumes/classical/staging/Joan Sebastian Bach/Bach 333 (2018)/037 - Cantatas 102, 35, 17, 19 (1726)
import started Mon May 18 02:04:10 2026
asis /Volumes/classical/staging/Joan Sebastian Bach/Bach 333 (2018)/038 - Cantatas 27, 47, 169, 56 (1726)
import started Mon May 18 02:06:11 2026
asis /Volumes/classical/staging/Joan Sebastian Bach/Bach 333 (2018)/039 - Cantatas 49, 98, 55, 52, 58 (1726-1727)
import started Mon May 18 02:08:04 2026
asis /Volumes/classical/staging/Joan Sebastian Bach/Bach 333 (2018)/040 - Cantatas 82, 157, 84 (1727)
import started Mon May 18 02:10:03 2026
asis /Volumes/classical/staging/Joan Sebastian Bach/Bach 333 (2018)/041 - Cantatas 34, 193, 117, 188 (1727-1728)
import started Mon May 18 02:11:58 2026
asis /Volumes/classical/staging/Joan Sebastian Bach/Bach 333 (2018)/042 - Cantatas 171, 156, 159, 120a (1729)
import started Mon May 18 02:14:28 2026
asis /Volumes/classical/staging/Joan Sebastian Bach/Bach 333 (2018)/043 - Cantatas 174, 149, 51, 192, 112 (1729-1731)
import started Mon May 18 02:16:13 2026
asis /Volumes/classical/staging/Joan Sebastian Bach/Bach 333 (2018)/044 - Cantatas 29, 140, 36 (1731)
import started Mon May 18 02:17:41 2026
asis /Volumes/classical/staging/Joan Sebastian Bach/Bach 333 (2018)/045 - Cantatas 177, 9, 97, 14 (1732-1735)
import started Mon May 18 02:20:30 2026
asis /Volumes/classical/staging/Joan Sebastian Bach/Bach 333 (2018)/046 - Cantatas 100, 195, 197, 197a (c. 1728-1736)
import started Mon May 18 02:22:00 2026
asis /Volumes/classical/staging/Joan Sebastian Bach/Bach 333 (2018)/047 - Cantatas 30, 80b, 80, 120 (c. 1737-c. 1742)
import started Mon May 18 02:23:55 2026
asis /Volumes/classical/staging/Joan Sebastian Bach/Bach 333 (2018)/048 - Cantatas 191, 69 (1745-1748) ／ 4 Spurious Cantatas
import started Mon May 18 02:26:17 2026
asis /Volumes/classical/staging/Joan Sebastian Bach/Bach 333 (2018)/049 - 4-Part Chorales, BWV 250-318 AC-GO
import started Mon May 18 02:28:20 2026
asis /Volumes/classical/staging/Joan Sebastian Bach/Bach 333 (2018)/050 - 4-Part Chorales, BWV 319-381 GO-ME
import started Mon May 18 02:30:26 2026
asis /Volumes/classical/staging/Joan Sebastian Bach/Bach 333 (2018)/051 - 4-Part Chorales, BWV 382-438 MI-WO
import started Mon May 18 02:32:28 2026
asis /Volumes/classical/staging/Joan Sebastian Bach/Bach 333 (2018)/052 - Magnificat BWV 243, 243a
import started Mon May 18 02:34:10 2026
asis /Volumes/classical/staging/Joan Sebastian Bach/Bach 333 (2018)/053 - Motets
import started Mon May 18 02:35:37 2026
asis /Volumes/classical/staging/Joan Sebastian Bach/Bach 333 (2018)/054 - Mass in B minor (1 Mortensen)
import started Mon May 18 02:39:02 2026
asis /Volumes/classical/staging/Joan Sebastian Bach/Bach 333 (2018)/055 - Mass in B minor (2 Mortensen)
import started Mon May 18 02:43:02 2026
asis /Volumes/classical/staging/Joan Sebastian Bach/Bach 333 (2018)/056 - Mass in B minor (1 Brüggen)
import started Mon May 18 02:44:29 2026
asis /Volumes/classical/staging/Joan Sebastian Bach/Bach 333 (2018)/057 - Mass in B minor (2 Brüggen) ／ Missa BWV 233
import started Mon May 18 02:46:27 2026
asis /Volumes/classical/staging/Joan Sebastian Bach/Bach 333 (2018)/058 - Missas BWV 234-236
import started Mon May 18 02:48:46 2026
asis /Volumes/classical/staging/Joan Sebastian Bach/Bach 333 (2018)/059 - St. John Passion (1724) (1 Gardiner)
import started Mon May 18 02:50:19 2026
asis /Volumes/classical/staging/Joan Sebastian Bach/Bach 333 (2018)/060 - St. John Passion (1724) (2 Gardiner)
import started Mon May 18 02:53:14 2026
asis /Volumes/classical/staging/Joan Sebastian Bach/Bach 333 (2018)/061 - St. John Passion (1749) (1 Suzuki)
import started Mon May 18 02:54:37 2026
asis /Volumes/classical/staging/Joan Sebastian Bach/Bach 333 (2018)/062 - St. John Passion (1749) (2 Suzuki)
import started Mon May 18 02:55:58 2026
asis /Volumes/classical/staging/Joan Sebastian Bach/Bach 333 (2018)/063 - St. Matthew Passion (1 Gardiner)
import started Mon May 18 02:56:15 2026
asis /Volumes/classical/staging/Joan Sebastian Bach/Bach 333 (2018)/064 - St. Matthew Passion (2 Gardiner)
import started Mon May 18 02:56:32 2026
asis /Volumes/classical/staging/Joan Sebastian Bach/Bach 333 (2018)/065 - St. Matthew Passion (1 McCreesh)
import started Mon May 18 02:58:32 2026
asis /Volumes/classical/staging/Joan Sebastian Bach/Bach 333 (2018)/066 - St. Matthew Passion (2 McCreesh)
import started Mon May 18 03:00:49 2026
asis /Volumes/classical/staging/Joan Sebastian Bach/Bach 333 (2018)/067 - Easter Oratorio (McCreesh) ／ Ascension Oratorio (Gardiner)
import started Mon May 18 03:03:05 2026
asis /Volumes/classical/staging/Joan Sebastian Bach/Bach 333 (2018)/068 - Easter Oratorio ／ Ascension Oratorio (Leonhardt)
import started Mon May 18 03:05:19 2026
asis /Volumes/classical/staging/Joan Sebastian Bach/Bach 333 (2018)/069 - Christmas Oratorio (1 Gardiner)
import started Mon May 18 03:06:46 2026
asis /Volumes/classical/staging/Joan Sebastian Bach/Bach 333 (2018)/070 - Christmas Oratorio (2 Gardiner)
import started Mon May 18 03:08:18 2026
asis /Volumes/classical/staging/Joan Sebastian Bach/Bach 333 (2018)/071 - Christmas Oratorio (1 Chailly)
import started Mon May 18 03:10:59 2026
asis /Volumes/classical/staging/Joan Sebastian Bach/Bach 333 (2018)/072 - Christmas Oratorio (2 Chailly)
import started Mon May 18 03:12:53 2026
asis /Volumes/classical/staging/Joan Sebastian Bach/Bach 333 (2018)/073 - Cantatas 208, 202 ／ Quodlibet BWV 524 (c. 1708-c. 1717)
import started Mon May 18 03:14:21 2026
asis /Volumes/classical/staging/Joan Sebastian Bach/Bach 333 (2018)/074 - Cantatas 134a, 203, 173a (1719-c. 1723)
import started Mon May 18 03:15:45 2026
asis /Volumes/classical/staging/Joan Sebastian Bach/Bach 333 (2018)/075 - Cantatas 36c, 205, 34a (1725-1726)
import started Mon May 18 03:17:10 2026
asis /Volumes/classical/staging/Joan Sebastian Bach/Bach 333 (2018)/076 - Cantatas 207, 204, 216a (1726-1728)
import started Mon May 18 03:18:32 2026
asis /Volumes/classical/staging/Joan Sebastian Bach/Bach 333 (2018)/077 - Cantatas 198, 201 (1727-1729)
import started Mon May 18 03:20:08 2026
asis /Volumes/classical/staging/Joan Sebastian Bach/Bach 333 (2018)/078 - Cantatas 213, 214 (1733)
import started Mon May 18 03:21:33 2026
asis /Volumes/classical/staging/Joan Sebastian Bach/Bach 333 (2018)/079 - Cantatas 211, 215 (1734)
import started Mon May 18 03:22:56 2026
asis /Volumes/classical/staging/Joan Sebastian Bach/Bach 333 (2018)/080 - Cantatas 206, 30a (1736-1737)
import started Mon May 18 03:24:17 2026
asis /Volumes/classical/staging/Joan Sebastian Bach/Bach 333 (2018)/081 - Cantatas 209, 210, 212 (1730s-1740s)
import started Mon May 18 03:25:53 2026
asis /Volumes/classical/staging/Joan Sebastian Bach/Bach 333 (2018)/082 - Cantatas 67, 106, 19 ／ St. Matthew Passion (excerpts)
import started Mon May 18 03:28:00 2026
asis /Volumes/classical/staging/Joan Sebastian Bach/Bach 333 (2018)/083 - Cantatas 56, 82, 4
import started Mon May 18 03:29:21 2026
asis /Volumes/classical/staging/Joan Sebastian Bach/Bach 333 (2018)/084 - Cantatas 31, 104, 57
import started Mon May 18 03:31:22 2026
asis /Volumes/classical/staging/Joan Sebastian Bach/Bach 333 (2018)/085 - Cantatas 199, 173, 74, 151
import started Mon May 18 03:33:18 2026
asis /Volumes/classical/staging/Joan Sebastian Bach/Bach 333 (2018)/086 - Easter Oratorio ／ Cantata 140
import started Mon May 18 03:34:40 2026
asis /Volumes/classical/staging/Joan Sebastian Bach/Bach 333 (2018)/087 - Cantatas 170, 159, 102
import started Mon May 18 03:36:03 2026
asis /Volumes/classical/staging/Joan Sebastian Bach/Bach 333 (2018)/088 - Cantatas 80, 52, 84, 209
import started Mon May 18 03:37:24 2026
asis /Volumes/classical/staging/Joan Sebastian Bach/Bach 333 (2018)/089 - Cantatas 82, 158, 56
import started Mon May 18 03:38:46 2026
asis /Volumes/classical/staging/Joan Sebastian Bach/Bach 333 (2018)/090 - Cantatas 61, 63, 121, 28 (Advent & Christmas)
import started Mon May 18 03:40:09 2026
asis /Volumes/classical/staging/Joan Sebastian Bach/Bach 333 (2018)/091 - Cantatas 64, 65, 111, 81 (Advent & Christmas)
import started Mon May 18 03:41:32 2026
asis /Volumes/classical/staging/Joan Sebastian Bach/Bach 333 (2018)/092 - Cantatas 92, 126, 182 (Easter)
import started Mon May 18 03:42:54 2026
asis /Volumes/classical/staging/Joan Sebastian Bach/Bach 333 (2018)/093 - Cantatas 1, 4, 67, 104 (Easter)
import started Mon May 18 03:44:17 2026
asis /Volumes/classical/staging/Joan Sebastian Bach/Bach 333 (2018)/094 - Cantatas 34, 68, 39 (Whitsun)
import started Mon May 18 03:45:39 2026
asis /Volumes/classical/staging/Joan Sebastian Bach/Bach 333 (2018)/095 - Cantatas 30, 147 (Whitsun)
import started Mon May 18 03:47:14 2026
asis /Volumes/classical/staging/Joan Sebastian Bach/Bach 333 (2018)/096 - Cantatas 76, 21 (Trinity)
import started Mon May 18 03:48:44 2026
asis /Volumes/classical/staging/Joan Sebastian Bach/Bach 333 (2018)/097 - Cantatas 135, 10, 45, 105 (Trinity)
import started Mon May 18 03:50:11 2026
asis /Volumes/classical/staging/Joan Sebastian Bach/Bach 333 (2018)/098 - Cantatas 51, 78, 8, 130 (Trinity)
import started Mon May 18 03:51:40 2026
asis /Volumes/classical/staging/Joan Sebastian Bach/Bach 333 (2018)/099 - Cantatas 27, 5, 60, 26 (Trinity)
import started Mon May 18 03:53:04 2026
asis /Volumes/classical/staging/Joan Sebastian Bach/Bach 333 (2018)/100 - St. Matthew Passion (1 Richter)
import started Mon May 18 03:54:26 2026
asis /Volumes/classical/staging/Joan Sebastian Bach/Bach 333 (2018)/101 - St. Matthew Passion (2 Richter)
import started Mon May 18 03:55:51 2026
asis /Volumes/classical/staging/Joan Sebastian Bach/Bach 333 (2018)/102 - St. Matthew Passion (3 Richter)
import started Mon May 18 03:57:57 2026
asis /Volumes/classical/staging/Joan Sebastian Bach/Bach 333 (2018)/103 - Great Singers (1952-1965)
import started Mon May 18 03:59:47 2026
asis /Volumes/classical/staging/Joan Sebastian Bach/Bach 333 (2018)/104 - Great Singers (1967-2011)
import started Mon May 18 04:01:57 2026
asis /Volumes/classical/staging/Joan Sebastian Bach/Bach 333 (2018)/105 - Great Singers (Period Instruments)
import started Mon May 18 04:03:19 2026
asis /Volumes/classical/staging/Joan Sebastian Bach/Bach 333 (2018)/106 - Organ Works (Introduction 1)
import started Mon May 18 04:04:41 2026
asis /Volumes/classical/staging/Joan Sebastian Bach/Bach 333 (2018)/107 - Organ Works (Introduction 2)
import started Mon May 18 04:06:03 2026
asis /Volumes/classical/staging/Joan Sebastian Bach/Bach 333 (2018)/108 - Toccata & Fugue, BWV 565 ／ Other early works (c. 1700-1707)
import started Mon May 18 04:07:25 2026
asis /Volumes/classical/staging/Joan Sebastian Bach/Bach 333 (2018)/109 - Passacaglia & Fugue, BWV 582 ／ Other Weimar works
import started Mon May 18 04:09:30 2026
asis /Volumes/classical/staging/Joan Sebastian Bach/Bach 333 (2018)/110 - Fantasia & Fugue, BWV 542 ／ BWV 538-541 ／ Other Weimar works
import started Mon May 18 04:11:00 2026
asis /Volumes/classical/staging/Joan Sebastian Bach/Bach 333 (2018)/111 - Prelude & Fugue, BWV 548 ／ BWV 544-547 ／ Other Leipzig works
import started Mon May 18 04:12:23 2026
asis /Volumes/classical/staging/Joan Sebastian Bach/Bach 333 (2018)/112 - 6 Trio Sonatas, BWV 525-530 (Koopman)
import started Mon May 18 04:15:11 2026
asis /Volumes/classical/staging/Joan Sebastian Bach/Bach 333 (2018)/113 - 6 Trio Sonatas, BWV 525-530 (Chorzempa ／ Hurford ／ Preston ／ Walcha)
import started Mon May 18 04:17:12 2026
asis /Volumes/classical/staging/Joan Sebastian Bach/Bach 333 (2018)/114 - 31 Neumeister Chorales, BWV 1090-1120 (1700-1707)
import started Mon May 18 04:21:09 2026
asis /Volumes/classical/staging/Joan Sebastian Bach/Bach 333 (2018)/115 - Early Chorale Preludes ／ Chorale Partitas
import started Mon May 18 04:23:13 2026
asis /Volumes/classical/staging/Joan Sebastian Bach/Bach 333 (2018)/116 - Chorale Preludes (Mühlhausen & Weimar)
import started Mon May 18 04:26:02 2026
asis /Volumes/classical/staging/Joan Sebastian Bach/Bach 333 (2018)/117 - Breitkopf Collection, BWV 690-713
import started Mon May 18 04:28:05 2026
asis /Volumes/classical/staging/Joan Sebastian Bach/Bach 333 (2018)/118 - Orgelbüchlein (Preston)
import started Mon May 18 04:30:53 2026
asis /Volumes/classical/staging/Joan Sebastian Bach/Bach 333 (2018)/119 - 17 Chorale Preludes, BWV 651a-667a (Weimar) (Schmitt)
import started Mon May 18 04:32:54 2026
asis /Volumes/classical/staging/Joan Sebastian Bach/Bach 333 (2018)/120 - 18 Chorale Preludes, BWV 651-668 (Leipzig) (Rübsam)
import started Mon May 18 04:34:15 2026
asis /Volumes/classical/staging/Joan Sebastian Bach/Bach 333 (2018)/121 - 21 Chorale Preludes, BWV 669-689 (Walcha)
import started Mon May 18 04:36:51 2026
asis /Volumes/classical/staging/Joan Sebastian Bach/Bach 333 (2018)/122 - Clavier-Übung III (1) (Preston)
import started Mon May 18 04:39:29 2026
asis /Volumes/classical/staging/Joan Sebastian Bach/Bach 333 (2018)/123 - Clavier-Übung III (2) ／ Kleine Orgelmesse ／ 6 Schübler Chorales (Preston ／ Koopman)
import started Mon May 18 04:41:33 2026
asis /Volumes/classical/staging/Joan Sebastian Bach/Bach 333 (2018)/124 - Free Works of Unproven Authenticity
import started Mon May 18 04:44:10 2026
asis /Volumes/classical/staging/Joan Sebastian Bach/Bach 333 (2018)/125 - Chorale-Based Works of Unproven Authenticity (Fragments)
import started Mon May 18 04:46:14 2026
asis /Volumes/classical/staging/Joan Sebastian Bach/Bach 333 (2018)/126 - Keyboard Works (Introduction 1： Harpsichord)
import started Mon May 18 04:47:41 2026
asis /Volumes/classical/staging/Joan Sebastian Bach/Bach 333 (2018)/127 - Keyboard Works (Introduction 2： Piano)
import started Mon May 18 04:49:05 2026
asis /Volumes/classical/staging/Joan Sebastian Bach/Bach 333 (2018)/128 - Early Fugues & Capriccios
import started Mon May 18 04:51:50 2026
asis /Volumes/classical/staging/Joan Sebastian Bach/Bach 333 (2018)/129 - Early Suites & Sonatas
import started Mon May 18 04:53:49 2026
asis /Volumes/classical/staging/Joan Sebastian Bach/Bach 333 (2018)/130 - Toccatas, BWV 910-916
import started Mon May 18 04:55:11 2026
asis /Volumes/classical/staging/Joan Sebastian Bach/Bach 333 (2018)/131 - Virtuoso Fantasias & Fugues
import started Mon May 18 04:57:51 2026
asis /Volumes/classical/staging/Joan Sebastian Bach/Bach 333 (2018)/132 - Suites, BWV 996-997 ／ Aria variata, BWV 989 (Doubtful Works)
import started Mon May 18 04:59:13 2026
asis /Volumes/classical/staging/Joan Sebastian Bach/Bach 333 (2018)/133 - 2- & 3-Part Inventions ／ Preludes, BWV 924-943
import started Mon May 18 05:02:53 2026
asis /Volumes/classical/staging/Joan Sebastian Bach/Bach 333 (2018)/134 - English Suites 1-3 (Dreyfus)
import started Mon May 18 05:05:11 2026
asis /Volumes/classical/staging/Joan Sebastian Bach/Bach 333 (2018)/135 - English Suites 4-6 (Dreyfus)
import started Mon May 18 05:07:11 2026
asis /Volumes/classical/staging/Joan Sebastian Bach/Bach 333 (2018)/136 - French Suites 1-4 (Hogwood)
import started Mon May 18 05:09:10 2026
asis /Volumes/classical/staging/Joan Sebastian Bach/Bach 333 (2018)/137 - French Suites 5-6 ／ Suites, BWV 818a-819 (Hogwood)
import started Mon May 18 05:10:33 2026
asis /Volumes/classical/staging/Joan Sebastian Bach/Bach 333 (2018)/138 - Partitas 1, 2, 6 (Rousset)
import started Mon May 18 05:13:09 2026
asis /Volumes/classical/staging/Joan Sebastian Bach/Bach 333 (2018)/139 - Partitas 3-5 (Rousset)
import started Mon May 18 05:15:48 2026
asis /Volumes/classical/staging/Joan Sebastian Bach/Bach 333 (2018)/140 - Italian Concerto ／ French Overture ／ 4 Duets (Rousset)
import started Mon May 18 05:19:49 2026
asis /Volumes/classical/staging/Joan Sebastian Bach/Bach 333 (2018)/141 - The Well-Tempered Clavier, Book I (1 Gilbert)
import started Mon May 18 05:22:16 2026
asis /Volumes/classical/staging/Joan Sebastian Bach/Bach 333 (2018)/142 - The Well-Tempered Clavier, Book I (2 Gilbert)
import started Mon May 18 05:24:51 2026
asis /Volumes/classical/staging/Joan Sebastian Bach/Bach 333 (2018)/143 - The Well-Tempered Clavier, Book II (1 Gilbert)
import started Mon May 18 05:26:16 2026
asis /Volumes/classical/staging/Joan Sebastian Bach/Bach 333 (2018)/144 - The Well-Tempered Clavier, Book II (2 Gilbert)
import started Mon May 18 05:27:42 2026
asis /Volumes/classical/staging/Joan Sebastian Bach/Bach 333 (2018)/145 - Goldberg Variations (Rousset)
import started Mon May 18 05:29:04 2026
asis /Volumes/classical/staging/Joan Sebastian Bach/Bach 333 (2018)/146 - Goldberg Variations (Esfahani)
import started Mon May 18 05:30:26 2026
asis /Volumes/classical/staging/Joan Sebastian Bach/Bach 333 (2018)/147 - English Suites 1-3 (Pogorelich ／ Schiff ／ Argerich)
import started Mon May 18 05:32:25 2026
asis /Volumes/classical/staging/Joan Sebastian Bach/Bach 333 (2018)/148 - English Suites 4-6 (Schiff ／ Bahrami ／ Hewitt)
import started Mon May 18 05:34:21 2026
import started Mon May 18 05:34:31 2026
asis /Volumes/classical/staging/Joan Sebastian Bach/Bach 333 (2018)/149 - French Suites 1-3 (Perahia)
import started Mon May 18 05:36:28 2026
asis /Volumes/classical/staging/Joan Sebastian Bach/Bach 333 (2018)/150 - French Suites 4-6 (Perahia)
import started Mon May 18 05:37:53 2026
asis /Volumes/classical/staging/Joan Sebastian Bach/Bach 333 (2018)/151 - Partitas 1-4 (Pires ／ Argerich ／ Blechacz ／ Grosvenor)
import started Mon May 18 05:39:55 2026
asis /Volumes/classical/staging/Joan Sebastian Bach/Bach 333 (2018)/152 - Partitas 5-6 ／ French Overture (Ashkenazy ／ Schiff)
import started Mon May 18 05:43:44 2026
asis /Volumes/classical/staging/Joan Sebastian Bach/Bach 333 (2018)/153 - 2- & 3-Part Inventions ／ Italian Concerto ／ 4 Duets (Schiff ／ Brendel ／ Hewitt)
import started Mon May 18 05:46:03 2026
import started Mon May 18 05:46:13 2026
asis /Volumes/classical/staging/Joan Sebastian Bach/Bach 333 (2018)/154 - The Well-Tempered Clavier, Book I (1 Pollini)
import started Mon May 18 05:47:50 2026
asis /Volumes/classical/staging/Joan Sebastian Bach/Bach 333 (2018)/155 - The Well-Tempered Clavier, Book I (2 Pollini)
import started Mon May 18 05:49:39 2026
asis /Volumes/classical/staging/Joan Sebastian Bach/Bach 333 (2018)/156 - The Well-Tempered Clavier, Book II (1 Schiff)
import started Mon May 18 05:51:17 2026
asis /Volumes/classical/staging/Joan Sebastian Bach/Bach 333 (2018)/157 - The Well-Tempered Clavier, Book II (2 Schiff)
import started Mon May 18 05:52:40 2026
asis /Volumes/classical/staging/Joan Sebastian Bach/Bach 333 (2018)/158 - Goldberg Variations (Schiff)
import started Mon May 18 05:54:02 2026
asis /Volumes/classical/staging/Joan Sebastian Bach/Bach 333 (2018)/159 - Piano Legends (1933-1956) (Fischer ／ Gulda ／ Lipatti ／ Gieseking ／ Tureck ／ Hess)
import started Mon May 18 05:56:35 2026
asis /Volumes/classical/staging/Joan Sebastian Bach/Bach 333 (2018)/160 - Piano Legends (1959-1993) (Demus ／ Richter ／ Gilels ／ Gould ／ Horowitz ／ Gavrilov)
import started Mon May 18 05:58:18 2026
asis /Volumes/classical/staging/Joan Sebastian Bach/Bach 333 (2018)/161 - Keyboard Legends (Landowska ／ Kirkpatrick ／ Malcolm ／ Růžičková ／ Ahlgrimm ／ Leonhardt)
import started Mon May 18 05:59:40 2026
asis /Volumes/classical/staging/Joan Sebastian Bach/Bach 333 (2018)/162 - Organ Legends (Schweitzer ／ Walcha ／ Richter ／ Dupré ／ Guillou ／ Alain)
import started Mon May 18 06:01:17 2026
asis /Volumes/classical/staging/Joan Sebastian Bach/Bach 333 (2018)/163 - Orgelbüchlein (Walcha)
import started Mon May 18 06:04:44 2026
asis /Volumes/classical/staging/Joan Sebastian Bach/Bach 333 (2018)/164 - Brandenburg Concertos 1-6 (Goebel)
import started Mon May 18 06:06:16 2026
asis /Volumes/classical/staging/Joan Sebastian Bach/Bach 333 (2018)/165 - Brandenburg Concertos 1-4 ／ Concerto BWV 1057 (Pinnock)
import started Mon May 18 06:07:39 2026
asis /Volumes/classical/staging/Joan Sebastian Bach/Bach 333 (2018)/166 - Brandenburg Concertos 5-6 ／ Concertos BWV 1046a, 1050a (Pinnock ／ Hogwood)
import started Mon May 18 06:09:01 2026
asis /Volumes/classical/staging/Joan Sebastian Bach/Bach 333 (2018)/167 - Orchestral Suites 1-3 (Goebel)
import started Mon May 18 06:10:56 2026
asis /Volumes/classical/staging/Joan Sebastian Bach/Bach 333 (2018)/168 - Orchestral Suites 2-4 (Goebel ／ Hogwood)
import started Mon May 18 06:12:42 2026
asis /Volumes/classical/staging/Joan Sebastian Bach/Bach 333 (2018)/169 - Orchestral Suites 1-4 (Pinnock)
import started Mon May 18 06:14:40 2026
asis /Volumes/classical/staging/Joan Sebastian Bach/Bach 333 (2018)/170 - Violin Concertos BWV 1041, 1042 ／ Versions for Keyboard BWV 1058, 1054
import started Mon May 18 06:16:54 2026
asis /Volumes/classical/staging/Joan Sebastian Bach/Bach 333 (2018)/171 - Concerto for 2 Violins BWV 1043 ／ Version for 2 Keyboards BWV 1062 ／ Concerto BWV 1052／1052R
import started Mon May 18 06:18:39 2026
asis /Volumes/classical/staging/Joan Sebastian Bach/Bach 333 (2018)/172 - Keyboard Concertos BWV 1053, 1055 ／ Oboe d'amore Concertos BWV 1053R, 1055R
import started Mon May 18 06:20:03 2026
asis /Volumes/classical/staging/Joan Sebastian Bach/Bach 333 (2018)/173 - Concertos BWV 1056, 1059, 1060 ／ Concertos BWV 1056R, 1059R, 1060R (Keyboard ／ Violin & Oboe)
import started Mon May 18 06:21:27 2026
asis /Volumes/classical/staging/Joan Sebastian Bach/Bach 333 (2018)/174 - Concertos for 2 & 3 Keyboards BWV 1061, 1063, 1064
import started Mon May 18 06:23:28 2026
asis /Volumes/classical/staging/Joan Sebastian Bach/Bach 333 (2018)/175 - Brandenburg Concertos (Landmark Performances 1935-1964)
import started Mon May 18 06:25:52 2026
asis /Volumes/classical/staging/Joan Sebastian Bach/Bach 333 (2018)/176 - Brandenburg Concertos (Landmark Performances 1967-2013)
import started Mon May 18 06:26:09 2026
asis /Volumes/classical/staging/Joan Sebastian Bach/Bach 333 (2018)/177 - Concerto for 2 Violins (Grumiaux ／ Oistrakh ／ Hahn ／ Radulović ／ Mutter)
import started Mon May 18 06:28:06 2026
asis /Volumes/classical/staging/Joan Sebastian Bach/Bach 333 (2018)/178 - Violin Concertos (Mutter ／ Hahn ／ Fischer ／ Jansen ／ Mullova ／ Lozakovich)
import started Mon May 18 06:29:28 2026
asis /Volumes/classical/staging/Joan Sebastian Bach/Bach 333 (2018)/179 - Keyboard Concertos BWV 1052-1056 (Schiff ／ Bahrami)
import started Mon May 18 06:30:50 2026
asis /Volumes/classical/staging/Joan Sebastian Bach/Bach 333 (2018)/180 - Concertos (Alternative Instrumentations)
import started Mon May 18 06:32:12 2026
asis /Volumes/classical/staging/Joan Sebastian Bach/Bach 333 (2018)/181 - Violin Sonatas & Partitas BWV 1001-1003 (Carmignola)
import started Mon May 18 06:33:33 2026
asis /Volumes/classical/staging/Joan Sebastian Bach/Bach 333 (2018)/182 - Violin Sonatas & Partitas BWV 1004-1006 (Carmignola)
import started Mon May 18 06:35:28 2026
asis /Volumes/classical/staging/Joan Sebastian Bach/Bach 333 (2018)/183 - Suites for _Lute_
import started Mon May 18 06:37:56 2026
asis /Volumes/classical/staging/Joan Sebastian Bach/Bach 333 (2018)/184 - Cello Suites 1, 3, 5 (Watkin)
import started Mon May 18 06:39:56 2026
asis /Volumes/classical/staging/Joan Sebastian Bach/Bach 333 (2018)/185 - Cello Suites 2, 4, 6 (Watkin)
import started Mon May 18 06:41:58 2026
asis /Volumes/classical/staging/Joan Sebastian Bach/Bach 333 (2018)/186 - Violin Sonatas BWV 1014-1018
import started Mon May 18 06:44:39 2026
asis /Volumes/classical/staging/Joan Sebastian Bach/Bach 333 (2018)/187 - Violin Sonatas, Viola da gamba Sonatas BWV 1019, 1021, 1023, 1027-1029
import started Mon May 18 06:46:02 2026
asis /Volumes/classical/staging/Joan Sebastian Bach/Bach 333 (2018)/188 - 5 Flute Sonatas ／ Partita for Solo Flute
import started Mon May 18 06:47:26 2026
asis /Volumes/classical/staging/Joan Sebastian Bach/Bach 333 (2018)/189 - Flute Sonata BWV 1031 ／ Doubtful & Spurious Sonatas
import started Mon May 18 06:50:42 2026
asis /Volumes/classical/staging/Joan Sebastian Bach/Bach 333 (2018)/190 - Musical Offering ／ Canons (Goebel)
import started Mon May 18 06:53:12 2026
asis /Volumes/classical/staging/Joan Sebastian Bach/Bach 333 (2018)/191 - The Art of Fugue (Accademia Bizantina, Dantone)
import started Mon May 18 06:55:40 2026
asis /Volumes/classical/staging/Joan Sebastian Bach/Bach 333 (2018)/192 - The Art of Fugue (Aimard)
import started Mon May 18 06:58:18 2026
asis /Volumes/classical/staging/Joan Sebastian Bach/Bach 333 (2018)/193 - The Art of Fugue (1742) (Gilbert)
import started Mon May 18 07:00:55 2026
asis /Volumes/classical/staging/Joan Sebastian Bach/Bach 333 (2018)/194 - Legendary Performances (Casals ／ Starker ／ Segovia ／ Bream ／ Szeryng ／ Wenzinger)
import started Mon May 18 07:02:56 2026
asis /Volumes/classical/staging/Joan Sebastian Bach/Bach 333 (2018)/195 - Violin Sonatas & Partitas BWV 1001-1004 (Milstein)
import started Mon May 18 07:04:17 2026
asis /Volumes/classical/staging/Joan Sebastian Bach/Bach 333 (2018)/196 - Violin Sonatas & Partitas BWV 1004-1006 (Grumiaux)
import started Mon May 18 07:05:39 2026
asis /Volumes/classical/staging/Joan Sebastian Bach/Bach 333 (2018)/197 - Violin Sonatas & Partitas BWV 1001, 1003, 1004, 1006 (Kremer ／ Mullova ／ Batiashvili ／ Jansen)
import started Mon May 18 07:07:04 2026
asis /Volumes/classical/staging/Joan Sebastian Bach/Bach 333 (2018)/198 - Cello Suites 1-3 (Fournier)
import started Mon May 18 07:09:44 2026
asis /Volumes/classical/staging/Joan Sebastian Bach/Bach 333 (2018)/199 - Cello Suites 4-6 (Fournier)
import started Mon May 18 07:14:07 2026
asis /Volumes/classical/staging/Joan Sebastian Bach/Bach 333 (2018)/200 - Solo & Chamber Works (Alternative Instrumentations)
import started Mon May 18 07:16:38 2026
asis /Volumes/classical/staging/Joan Sebastian Bach/Bach 333 (2018)/201 - Clavier-Büchlein W. F. Bach (1)
import started Mon May 18 07:18:39 2026
asis /Volumes/classical/staging/Joan Sebastian Bach/Bach 333 (2018)/202 - Clavier-Büchlein W. F. Bach (2) ／ A. M. Bach (1722)
import started Mon May 18 07:20:41 2026
asis /Volumes/classical/staging/Joan Sebastian Bach/Bach 333 (2018)/203 - Notenbüchlein A. M. Bach (1725) (1)
import started Mon May 18 07:22:41 2026
asis /Volumes/classical/staging/Joan Sebastian Bach/Bach 333 (2018)/204 - Notenbüchlein A. M. Bach (1725) (2)
import started Mon May 18 07:24:04 2026
asis /Volumes/classical/staging/Joan Sebastian Bach/Bach 333 (2018)/205 - Schemelli Gesangbuch BWV 439-474
import started Mon May 18 07:26:04 2026
asis /Volumes/classical/staging/Joan Sebastian Bach/Bach 333 (2018)/206 - Schemelli Gesangbuch BWV 475-507
import started Mon May 18 07:27:27 2026
asis /Volumes/classical/staging/Joan Sebastian Bach/Bach 333 (2018)/207 - Bach： Early Influences
import started Mon May 18 07:28:50 2026
asis /Volumes/classical/staging/Joan Sebastian Bach/Bach 333 (2018)/208 - Concertos at Weimar (Telemann ／ Prince Johann Ernst)
import started Mon May 18 07:29:08 2026
asis /Volumes/classical/staging/Joan Sebastian Bach/Bach 333 (2018)/209 - Concertos at Weimar (Vivaldi)
import started Mon May 18 07:29:26 2026
asis /Volumes/classical/staging/Joan Sebastian Bach/Bach 333 (2018)/210 - Concertos at Weimar (Vivaldi ／ A. & B. Marcello)
import started Mon May 18 07:32:46 2026
asis /Volumes/classical/staging/Joan Sebastian Bach/Bach 333 (2018)/211 - The Bach Family
import started Mon May 18 07:34:10 2026
asis /Volumes/classical/staging/Joan Sebastian Bach/Bach 333 (2018)/212 - Bach & Other Composers (c. 1715-1730)
import started Mon May 18 07:35:33 2026
asis /Volumes/classical/staging/Joan Sebastian Bach/Bach 333 (2018)/213 - Bach & Other Composers (c. 1730-1742)
import started Mon May 18 07:37:00 2026
asis /Volumes/classical/staging/Joan Sebastian Bach/Bach 333 (2018)/214 - Bach & Other Composers (1742-1750)
import started Mon May 18 07:38:23 2026
asis /Volumes/classical/staging/Joan Sebastian Bach/Bach 333 (2018)/215 - Bach Renewed (From Bach's Sons to Mahler)
import started Mon May 18 07:42:19 2026
asis /Volumes/classical/staging/Joan Sebastian Bach/Bach 333 (2018)/216 - Bach Reimagined (Chaconne & Passacaglia)
import started Mon May 18 07:44:18 2026
asis /Volumes/classical/staging/Joan Sebastian Bach/Bach 333 (2018)/217 - Bach Orchestrated (Reger to Stokowski)
import started Mon May 18 07:46:21 2026
asis /Volumes/classical/staging/Joan Sebastian Bach/Bach 333 (2018)/218 - Inspired by Bach (Gounod to Pärt)
import started Mon May 18 07:48:21 2026
asis /Volumes/classical/staging/Joan Sebastian Bach/Bach 333 (2018)/219 - Bach & The Virtuoso Piano (Liszt and Busoni)
import started Mon May 18 07:51:03 2026
asis /Volumes/classical/staging/Joan Sebastian Bach/Bach 333 (2018)/220 - Bach & The Virtuoso Piano (The 20th Century)
import started Mon May 18 07:55:22 2026
asis /Volumes/classical/staging/Joan Sebastian Bach/Bach 333 (2018)/221 - Bach à la Jazz
import started Mon May 18 07:57:34 2026
asis /Volumes/classical/staging/Joan Sebastian Bach/Bach 333 (2018)/222 - New Colours of Bach
import started Mon May 18 08:00:05 2026
asis /Volumes/classical/staging/Kaaren Erickson, Sylvia McNair, Etc._ Ro/Handel_ Messiah - Favorite Choruses & Ar
import started Mon May 18 08:00:31 2026
asis /Volumes/classical/staging/Kathleen Battle_ Herbert Von Karajan_ Be/Mozart_ Don Giovanni (Highlights)
import started Mon May 18 08:00:49 2026
asis /Volumes/classical/staging/Leonard Bernstein/Schubert Symphonies Nos. 7 and 8
import started Mon May 18 08:01:12 2026
asis /Volumes/classical/staging/Lorin Maazel_ Cleveland Orchestra/Stravinsky - Le Sacre Du Printemps
import started Mon May 18 08:01:30 2026
asis /Volumes/classical/staging/Luciano Pavarotti & Friends/For War Child
import started Mon May 18 08:02:12 2026
import started Mon May 18 08:02:22 2026
asis /Volumes/classical/staging/Mahler Symphonies 8, 9, 10, Das Lied Von
import started Mon May 18 08:02:47 2026
asis /Volumes/classical/staging/Mahler Symphony no. 5
asis /Volumes/classical/staging/Mahler Symphony no. 5/01 Mahler Plays Mahler The Welte-Mignon Piano Rolls (Tacet, 1905)
asis /Volumes/classical/staging/Mahler Symphony no. 5/02 Mengelberg, Concertgebouw Orchestra (Naxos, 1926)
duplicate-replace /Volumes/classical/staging/Mahler Symphony no. 5/02 Mengelberg, Concertgebouw Orchestra (Naxos, 1926)
asis /Volumes/classical/staging/Mahler Symphony no. 5/03 Walter, Wiener Philharmoniker (Opus Kura, 1938)
asis /Volumes/classical/staging/Mahler Symphony no. 5/04 Walter, New York Philharmonic (Sony, 1947)
asis /Volumes/classical/staging/Mahler Symphony no. 5/05 Kempe, Runfunk-Sinfonieorchester Leipzig (Archipel, 1948)
asis /Volumes/classical/staging/Mahler Symphony no. 5/06 Rosbaud, Südwestfunk Sinfonieorchester Baden-Baden (SWR, 1951)
asis /Volumes/classical/staging/Mahler Symphony no. 5/07 Kubelik, Royal Concertgebouw Orchestra (Tahra, 1951)
asis /Volumes/classical/staging/Mahler Symphony no. 5/08 Scherchen, Wiener Staatsoper Orchester (Documents, 1953)
asis /Volumes/classical/staging/Mahler Symphony no. 5/09 Schwarz, London Symphony Orchestra (Everest, 1958)
asis /Volumes/classical/staging/Mahler Symphony no. 5/10 Horenstein, London Symphony Orchestra (Pristine, 1958)
asis /Volumes/classical/staging/Mahler Symphony no. 5/100 Barenboim, Chicago Symphony Orchestra (Teldec, 1997)
duplicate-replace /Volumes/classical/staging/Mahler Symphony no. 5/100 Barenboim, Chicago Symphony Orchestra (Teldec, 1997)
asis /Volumes/classical/staging/Mahler Symphony no. 5/101 Briggs (Priory, 1998)
asis /Volumes/classical/staging/Mahler Symphony no. 5/102 Sinopoli, Orchestra Sinfonica Nazionale Della RAI (RAI, 1999)
asis /Volumes/classical/staging/Mahler Symphony no. 5/103 Barshai, Junge Deutsche Philharmonie (Brilliant, 1999)
duplicate-replace /Volumes/classical/staging/Mahler Symphony no. 5/103 Barshai, Junge Deutsche Philharmonie (Brilliant, 1999)
asis /Volumes/classical/staging/Mahler Symphony no. 5/104 Kobayashi, Czech Philharmonic Orchestra (Canyon, 1999)
asis /Volumes/classical/staging/Mahler Symphony no. 5/105 Zander, Philharmonia Orchestra (Telarc, 2000) & talk about/CD1; /Volumes/classical/staging/Mahler Symphony no. 5/105 Zander, Philharmonia Orchestra (Telarc, 2000) & talk about/CD2
asis /Volumes/classical/staging/Mahler Symphony no. 5/106 Haenchen, Netherlands Philharmonic Orchestra (Pentatone, 2001)
duplicate-replace /Volumes/classical/staging/Mahler Symphony no. 5/106 Haenchen, Netherlands Philharmonic Orchestra (Pentatone, 2001)
asis /Volumes/classical/staging/Mahler Symphony no. 5/107 Yadin, Radio-Symphonieorchester Wien (Music Bank, 2001)
asis /Volumes/classical/staging/Mahler Symphony no. 5/108 Mácal, Prague Symphony Orchestra (Vars, 2001)
asis /Volumes/classical/staging/Mahler Symphony no. 5/109 Rattle, Berliner Philharmoniker (EMI, 2002)
asis /Volumes/classical/staging/Mahler Symphony no. 5/11 Paray, Detroit Symphony Orchestra (Tahra, 1959)
asis /Volumes/classical/staging/Mahler Symphony no. 5/110 Stenz, Melbourne Symphony Orchestra (ABC Classics, 2002)
asis /Volumes/classical/staging/Mahler Symphony no. 5/111 Temirkanov, St Petersburg Philharmonic Orchestra (Water Lily Acoustics, 2003)
asis /Volumes/classical/staging/Mahler Symphony no. 5/112 Nott, Bamberger Symphoniker (Tudor, 2003)
duplicate-replace /Volumes/classical/staging/Mahler Symphony no. 5/112 Nott, Bamberger Symphoniker (Tudor, 2003)
asis /Volumes/classical/staging/Mahler Symphony no. 5/113 Gielen, SWF Sinfonieorchester Baden-Baden and Freiburg (Hanssler, 2003)
asis /Volumes/classical/staging/Mahler Symphony no. 5/114 Levine, Verbier Festival Orchestra (Amadeus, 2003)
asis /Volumes/classical/staging/Mahler Symphony no. 5/115 Albrecht, Yomiuri Nippon Symphony Orchestra (Exton, 2003)
asis /Volumes/classical/staging/Mahler Symphony no. 5/116 Maazel, New York Philharmonic (NYP, 2003)
asis /Volumes/classical/staging/Mahler Symphony no. 5/117 Abbado, Lucerne Festival Orchestra (EuroArts, 2004)
duplicate-replace /Volumes/classical/staging/Mahler Symphony no. 5/117 Abbado, Lucerne Festival Orchestra (EuroArts, 2004)
asis /Volumes/classical/staging/Mahler Symphony no. 5/118 Eschenbach, Philadelphia Orchestra (TPO, 2004)
asis /Volumes/classical/staging/Mahler Symphony no. 5/119 DePreist, London Symphony Orchestra (Naxos, 2005)
asis /Volumes/classical/staging/Mahler Symphony no. 5/12 Mitropoulos, New York Philharmonic (Music & Arts, 1960)
asis /Volumes/classical/staging/Mahler Symphony no. 5/120 Tilson Thomas, San Francisco Symphony Orchestra (SFS, 2005)
asis /Volumes/classical/staging/Mahler Symphony no. 5/121 Botstein, American Symphony Orchestra (ASO, ~2006)
asis /Volumes/classical/staging/Mahler Symphony no. 5/122 Dudamel, Joven Orquesta Simón Bolívar de Venezuela (DG, 2006)
asis /Volumes/classical/staging/Mahler Symphony no. 5/123 Norrington, Radio-Sinfonieorchester Stuttgart (Hänssler, 2006)
asis /Volumes/classical/staging/Mahler Symphony no. 5/124 Jansons, Royal Concertgebouw Orchestra (RCO Live, 2007)
asis /Volumes/classical/staging/Mahler Symphony no. 5/125 Zinman, Zurich Tonhalle Orchestra (RCA, 2007)
asis /Volumes/classical/staging/Mahler Symphony no. 5/126 Mehta, Bayerisches Staatsorchester (Farao, 2008)
asis /Volumes/classical/staging/Mahler Symphony no. 5/127 Zweden, London Philharmonic Orchestra (LSO, 2008)
asis /Volumes/classical/staging/Mahler Symphony no. 5/128 Feltz, Stuttgarter Philharmoniker (Dreyer Gaido, 2009)
asis /Volumes/classical/staging/Mahler Symphony no. 5/129 Gilbert, New York Philharmonic (NYP, 2010)
asis /Volumes/classical/staging/Mahler Symphony no. 5/13 Horenstein, Berliner Philharmoniker (Pristine, 1961)
asis /Volumes/classical/staging/Mahler Symphony no. 5/130 Inbal, Czech Philharmonic Orchestra (Exton, 2010)
asis /Volumes/classical/staging/Mahler Symphony no. 5/131 Gergiev, London Symphony Orchestra (LSO Live, 2010)
asis /Volumes/classical/staging/Mahler Symphony no. 5/132 Gatti, Royal Concertgebouw (RCO, 2010)
asis /Volumes/classical/staging/Mahler Symphony no. 5/133 Ashkenazy, Sydney Symphony (Sydney Symphony, 2010)
asis /Volumes/classical/staging/Mahler Symphony no. 5/134 Darlington, Duisburger Philharmoniker (Acousence, 2010)
duplicate-replace /Volumes/classical/staging/Mahler Symphony no. 5/134 Darlington, Duisburger Philharmoniker (Acousence, 2010)
asis /Volumes/classical/staging/Mahler Symphony no. 5/135 Honeck,  Pittsburgh Symphony Orchestra (Exton, 2011)
asis /Volumes/classical/staging/Mahler Symphony no. 5/136 Järvi, Frankfurt Radio Symphony Orchestra (Unitel, 2011)
duplicate-replace /Volumes/classical/staging/Mahler Symphony no. 5/136 Järvi, Frankfurt Radio Symphony Orchestra (Unitel, 2011)
asis /Volumes/classical/staging/Mahler Symphony no. 5/137 Meister, Radio Symphonieorchester Wien (ORF, 2011)
asis /Volumes/classical/staging/Mahler Symphony no. 5/138 Schwarz, Colburn Orchestra (Yarlung, 2011)
asis /Volumes/classical/staging/Mahler Symphony no. 5/139 Maazel, Philharmonia Orchestra (Signum, 2011)
asis /Volumes/classical/staging/Mahler Symphony no. 5/14 Scherchen, Orchestra della RAI di Milano (Stradivarius, 1962)
asis /Volumes/classical/staging/Mahler Symphony no. 5/140 Inbal, Tokyo Metropolitan Symphony (Exton, 2013)
duplicate-replace /Volumes/classical/staging/Mahler Symphony no. 5/140 Inbal, Tokyo Metropolitan Symphony (Exton, 2013)
asis /Volumes/classical/staging/Mahler Symphony no. 5/141 Chailly, Gewandhausorchester Leipzig (Accentus, 2013)
duplicate-replace /Volumes/classical/staging/Mahler Symphony no. 5/141 Chailly, Gewandhausorchester Leipzig (Accentus, 2013)
asis /Volumes/classical/staging/Mahler Symphony no. 5/142 Fischer, Budapest Festival Orchestra (Channel, 2013)
asis /Volumes/classical/staging/Mahler Symphony no. 5/143 Saraste, WDR Sinfonieorchester Köln (Profil, 2013)
asis /Volumes/classical/staging/Mahler Symphony no. 5/144 Chung, Seoul Philharmonic Orchestra (DG, 2014)
asis /Volumes/classical/staging/Mahler Symphony no. 5/145 Simon, Holst-Sinfonietta (Bastille Musique, 2015)
asis /Volumes/classical/staging/Mahler Symphony no. 5/146 Jansons, Bavarian Radio Symphony Orchestra (BR-Klassik, 2016)
asis /Volumes/classical/staging/Mahler Symphony no. 5/147 Harding, Swedish Radio Symphony Orchestra (HM, 2016)
asis /Volumes/classical/staging/Mahler Symphony no. 5/148 Sladkovsky, Tartastan National Symphony Orchestra (Melodiya, 2016)
asis /Volumes/classical/staging/Mahler Symphony no. 5/149 Sung, Gyeonggi Philharmonic Orchestra (Decca, 2016)
asis /Volumes/classical/staging/Mahler Symphony no. 5/15 Bernstein, New York Philharmonic (Sony, 1963)
asis /Volumes/classical/staging/Mahler Symphony no. 5/150 Vänskä, Minnesota Orchestra (Bis, 2016)
asis /Volumes/classical/staging/Mahler Symphony no. 5/151 Roth, Gürzenich-Orchester Köln (HM, 2017)
asis /Volumes/classical/staging/Mahler Symphony no. 5/152 Fischer, Düsseldorfer Symphoniker (AVI, 2017)
asis /Volumes/classical/staging/Mahler Symphony no. 5/153 Klumpp, Landesjugendorchester Baden-Württemberg (Animato, 2018)
asis /Volumes/classical/staging/Mahler Symphony no. 5/154 Dudamel, Berliner Philharmoniker (BP, 2018)
asis /Volumes/classical/staging/Mahler Symphony no. 5/155 Duo Trenkner-Speidel (MDG, 2018)
asis /Volumes/classical/staging/Mahler Symphony no. 5/156 Sado, Tonkünstler-Orchester (Tonkünstler, 2019)
asis /Volumes/classical/staging/Mahler Symphony no. 5/157 Fuchs, Philharmonie Salzburg (PS, ~2020)
asis /Volumes/classical/staging/Mahler Symphony no. 5/158 Moreno Valiente, Orquesta Filarmónica de Málaga (IBS, 2020)
asis /Volumes/classical/staging/Mahler Symphony no. 5/159 Nanasakov (Ratspack, 2020)
asis /Volumes/classical/staging/Mahler Symphony no. 5/16 Leinsdorf, Boston Symphony Orchestra (RCA, 1963)
asis /Volumes/classical/staging/Mahler Symphony no. 5/160 Wong, Japan Philharmonic Orchestra (Denon, 2021)
asis /Volumes/classical/staging/Mahler Symphony no. 5/17 Scherchen, Philadelphia Orchestra (Tahra, 1964)
asis /Volumes/classical/staging/Mahler Symphony no. 5/18 Scherchen, Orchestre National de l'ORTF (HM, 1965)
asis /Volumes/classical/staging/Mahler Symphony no. 5/19 Neumann, Gewandhausorchester Leipzig (Berlin Classics, 1966)
asis /Volumes/classical/staging/Mahler Symphony no. 5/20 Boulez, BBC Symphony Orchestra (Arkadia, 1968)
asis /Volumes/classical/staging/Mahler Symphony no. 5/21 Barbirolli, New Philharmonia Orchestra (Warner, 1969)
asis /Volumes/classical/staging/Mahler Symphony no. 5/22 Ancerl, Toronto Symphony Orchestra (Tahra, 1969)
asis /Volumes/classical/staging/Mahler Symphony no. 5/23 Horenstein, Gothenburg Symphony Orchestra (Pristine, 1969)
asis /Volumes/classical/staging/Mahler Symphony no. 5/24 Boulez, BBC Symphony Orchestra (Arkadia, 1970)
asis /Volumes/classical/staging/Mahler Symphony no. 5/25 Solti, Chicago Symphony Orchestra (Decca, 1970)
asis /Volumes/classical/staging/Mahler Symphony no. 5/26 Haitink, Royal Concertgebouw Orchestra (Decca, 1970)
duplicate-replace /Volumes/classical/staging/Mahler Symphony no. 5/26 Haitink, Royal Concertgebouw Orchestra (Decca, 1970)
asis /Volumes/classical/staging/Mahler Symphony no. 5/27 Kubelik, Bayerischen Rundfunks (DG, 1971)
asis /Volumes/classical/staging/Mahler Symphony no. 5/28 Swarowsky, Wiener Symphoniker (Berlin, 1971)
asis /Volumes/classical/staging/Mahler Symphony no. 5/29 Gielen, Rundfunk-Sinfonieorchester Saarbrücken (Altus, 1971)
asis /Volumes/classical/staging/Mahler Symphony no. 5/30 Maderna, Philadelphia Orchestra (Saint Laurent Studios, 1971)
asis /Volumes/classical/staging/Mahler Symphony no. 5/31 Karajan, Berliner Philharmoniker (DG, 13.2.1973)
asis /Volumes/classical/staging/Mahler Symphony no. 5/32 Karajan, Berliner Philharmoniker (Fachmann, 28.8.1973)
asis /Volumes/classical/staging/Mahler Symphony no. 5/33 Morris, Symphonica of London (Imp, 1973)
asis /Volumes/classical/staging/Mahler Symphony no. 5/34 Dorati, Kungliga Filharmoniska Orkestern Stockholm (Lyssna, 1973)
duplicate-replace /Volumes/classical/staging/Mahler Symphony no. 5/34 Dorati, Kungliga Filharmoniska Orkestern Stockholm (Lyssna, 1973)
asis /Volumes/classical/staging/Mahler Symphony no. 5/35 Rozhdestvensky, URSS Symphony Orchestra of Radio and Television (Revelation, 1973)
asis /Volumes/classical/staging/Mahler Symphony no. 5/36 Kondrashin, Moscow Philharmonic Orchestra (Melodiya, 1974)
asis /Volumes/classical/staging/Mahler Symphony no. 5/37 Abravanel, Utah Symphony Orchestra (Artemis, 1974)
asis /Volumes/classical/staging/Mahler Symphony no. 5/38 Mehta, Los Angeles Philharmonic (Decca, 1976)
asis /Volumes/classical/staging/Mahler Symphony no. 5/39 Levine, Philadelphia Orchestra (RCA, 1977)
asis /Volumes/classical/staging/Mahler Symphony no. 5/40 Neumann, Czech Philharmonic Orchestra (Supraphon, 1977)
asis /Volumes/classical/staging/Mahler Symphony no. 5/41 Tennstedt, London Philharmonic Orchestra (EMI, 1978)
asis /Volumes/classical/staging/Mahler Symphony no. 5/42 Tennstedt, Philadelphia Orchestra (En Larmes, 1979)
asis /Volumes/classical/staging/Mahler Symphony no. 5/43 Abbado, Chicago Symphony Orchestra (DG, 1980)
asis /Volumes/classical/staging/Mahler Symphony no. 5/44 Farberman, London Symphony Orchestra (Vox, 1980)
asis /Volumes/classical/staging/Mahler Symphony no. 5/45 Watanabe, Japan Philharmonic Orchestra (Jasrac, 1980)
asis /Volumes/classical/staging/Mahler Symphony no. 5/46 Tennstedt, NDR Sinfonieorchester (Profil, 1980)
asis /Volumes/classical/staging/Mahler Symphony no. 5/47 Tennstedt, New York Philharmonic (NYP, 1980)
asis /Volumes/classical/staging/Mahler Symphony no. 5/48 Herbig, Berliner Sinfonie Orchester (Eterna, 1980)
asis /Volumes/classical/staging/Mahler Symphony no. 5/49 Pesek, Slovak Philharmonic Orchestra (EMG, ~1981)
asis /Volumes/classical/staging/Mahler Symphony no. 5/50 Kubelik, Bayerischen Rundfunks (Audite, 1981)
asis /Volumes/classical/staging/Mahler Symphony no. 5/51 Maazel, Wiener Philharmoniker (Sony, 1982)
asis /Volumes/classical/staging/Mahler Symphony no. 5/52 Suitner, Staatskapelle Berlin (Eterna, 1984)
asis /Volumes/classical/staging/Mahler Symphony no. 5/53 Tennstedt, London Philharmonic Orchestra (Tokyo FM, 1984)
duplicate-replace /Volumes/classical/staging/Mahler Symphony no. 5/53 Tennstedt, London Philharmonic Orchestra (Tokyo FM, 1984)
asis /Volumes/classical/staging/Mahler Symphony no. 5/54 Herbig, BBC Philharmonic Orchestra (IMP, 1984)
asis /Volumes/classical/staging/Mahler Symphony no. 5/55 Otaka, Tokyo Philharmonic Orchestra (Camerata, 1984)
asis /Volumes/classical/staging/Mahler Symphony no. 5/56 Sinopoli, Philharmonia Orchestra (DG, 1985)
asis /Volumes/classical/staging/Mahler Symphony no. 5/57 Inbal, Frankfurt Radio Symphony Orchestra (Denon, 1986)
asis /Volumes/classical/staging/Mahler Symphony no. 5/58 Haitink, Koninklijk Concertgebouworkest (Philips, 1986)
asis /Volumes/classical/staging/Mahler Symphony no. 5/59 Froment, Orchestre Symphonique de la Radio Luxembourgeoise (Black Pearl, ~1987)
asis /Volumes/classical/staging/Mahler Symphony no. 5/60 Bernstein, Wiener Philharmoniker (DG, 1987)
asis /Volumes/classical/staging/Mahler Symphony no. 5/61 Dohnányi, Cleveland Orchestra (Decca, 1988)
asis /Volumes/classical/staging/Mahler Symphony no. 5/62 Tabakov, Sofia Philharmonic Orchestra (Capriccio, 1988)
asis /Volumes/classical/staging/Mahler Symphony no. 5/63 Wakasugi, Tokyo Metropolitan (Fontec, 1988)
asis /Volumes/classical/staging/Mahler Symphony no. 5/64 Haitink, Berliner Philharmoniker (Philips, 1988)
asis /Volumes/classical/staging/Mahler Symphony no. 5/65 Tennstedt, London Philharmonic Orchestra (EMI 1988)
asis /Volumes/classical/staging/Mahler Symphony no. 5/66 Freeman, Czech National Symphony Orchestra (Maestoso, 1988)
asis /Volumes/classical/staging/Mahler Symphony no. 5/67 Järvi, Scottish National Orchestra (Chandos, 1989)
asis /Volumes/classical/staging/Mahler Symphony no. 5/68 Mehta, New York Philharmonic (Teldec, 1989)
asis /Volumes/classical/staging/Mahler Symphony no. 5/69 Nanut, Rundfunk-Sinfonie-Orchester Ljubljana (Classica, 1989)
asis /Volumes/classical/staging/Mahler Symphony no. 5/70 Ozawa, Boston Symphony Orchestra (Philips, 1990)
duplicate-replace /Volumes/classical/staging/Mahler Symphony no. 5/70 Ozawa, Boston Symphony Orchestra (Philips, 1990)
asis /Volumes/classical/staging/Mahler Symphony no. 5/71 Bertini, Kölner Rundfunk-Sinfonieorchester (EMI, 1990)
asis /Volumes/classical/staging/Mahler Symphony no. 5/72 Tennstedt, Royal Concertgebouw Orchestra (RCO, 1990)
asis /Volumes/classical/staging/Mahler Symphony no. 5/73 Saraste, Finnish Radio Symphony Orchestra (Virgin, 1990)
asis /Volumes/classical/staging/Mahler Symphony no. 5/74 Wit, Polish Radio National Symphony Orchestra (Naxos, 1990)
asis /Volumes/classical/staging/Mahler Symphony no. 5/75 Caetani, Symphonieorchester des Bayerischen Rundfunks (Antec, 1990)
asis /Volumes/classical/staging/Mahler Symphony no. 5/76 Mackerras, Royal Liverpool Philharmonic Orchestra (EMI, 1990)
asis /Volumes/classical/staging/Mahler Symphony no. 5/77 Solti, Chicago Symphony Orchestra (Decca, 1990)
duplicate-replace /Volumes/classical/staging/Mahler Symphony no. 5/77 Solti, Chicago Symphony Orchestra (Decca, 1990)
asis /Volumes/classical/staging/Mahler Symphony no. 5/78 Inoue, Royal Philharmonic Orchestra (RPO, 1990)
asis /Volumes/classical/staging/Mahler Symphony no. 5/79 Otaka, BBC Welsh Symphony Orchestra (BBCMM, 1991)
asis /Volumes/classical/staging/Mahler Symphony no. 5/80 Lombard, Orchestre National Bordeaux Aquitaine (Forlane, 1991)
asis /Volumes/classical/staging/Mahler Symphony no. 5/81 Kobayashi, Japan Philharmonic Symphony Orchestra (Exton, 1991)
asis /Volumes/classical/staging/Mahler Symphony no. 5/82 Waart, Netherlands Radio Philharmonic Orchestra (RCA, 1992)
duplicate-replace /Volumes/classical/staging/Mahler Symphony no. 5/82 Waart, Netherlands Radio Philharmonic Orchestra (RCA, 1992)
asis /Volumes/classical/staging/Mahler Symphony no. 5/83 Rath, Orchestra Giovanile Italiana (Tring, 1992)
asis /Volumes/classical/staging/Mahler Symphony no. 5/84 Abbado, Berliner Philharmoniker (DG, 1993)
asis /Volumes/classical/staging/Mahler Symphony no. 5/85 Litton, Dallas Symphony Orchestra (Dorian, 1993)
asis /Volumes/classical/staging/Mahler Symphony no. 5/86 Neumann, Czech Philharmonic Orchestra (Canyon, 1993)
asis /Volumes/classical/staging/Mahler Symphony no. 5/87 Segerstam, Danish National Radio Symphony Orchestra (Chandos, 1994)
duplicate-replace /Volumes/classical/staging/Mahler Symphony no. 5/87 Segerstam, Danish National Radio Symphony Orchestra (Chandos, 1994)
asis /Volumes/classical/staging/Mahler Symphony no. 5/88 Ostrowsky, Orchestre Philharmonique de la RTBN (Reader’s Digest, 1994)
asis /Volumes/classical/staging/Mahler Symphony no. 5/89 Conlon, Gürzenisch Orchester Kölner Philharmoniker (Warner, 1994)
asis /Volumes/classical/staging/Mahler Symphony no. 5/90 Slatkin, St. Louis Symphony Orchestra (SLSO, 1995)
duplicate-replace /Volumes/classical/staging/Mahler Symphony no. 5/90 Slatkin, St. Louis Symphony Orchestra (SLSO, 1995)
asis /Volumes/classical/staging/Mahler Symphony no. 5/91 Svetlanov, Russian State Symphony Orchestra (HM, 1995)
duplicate-replace /Volumes/classical/staging/Mahler Symphony no. 5/91 Svetlanov, Russian State Symphony Orchestra (HM, 1995)
asis /Volumes/classical/staging/Mahler Symphony no. 5/92 Levi, Atlanta Symphony Orchestra (Telarc, 1995)
asis /Volumes/classical/staging/Mahler Symphony no. 5/93 Leaper, Orquesta Filarmónica de Gran Canaria (ArteNova, 1995)
asis /Volumes/classical/staging/Mahler Symphony no. 5/94 Abbado, Berliner Philharmoniker (RNW, 1995)
asis /Volumes/classical/staging/Mahler Symphony no. 5/95 Shipway, Royal Philharmonic Orchestra (Tring, 1996)
asis /Volumes/classical/staging/Mahler Symphony no. 5/96 Boulez, Wiener Philharmoniker (DG, 1996)
asis /Volumes/classical/staging/Mahler Symphony no. 5/97 Solti, Tonhalle-Orchester Zürich (Decca, 1997)
asis /Volumes/classical/staging/Mahler Symphony no. 5/98 Gatti, Royal Philharmonic Orchestra (RCA, 1997)
duplicate-replace /Volumes/classical/staging/Mahler Symphony no. 5/98 Gatti, Royal Philharmonic Orchestra (RCA, 1997)
asis /Volumes/classical/staging/Mahler Symphony no. 5/99 Chailly, Royal Concertgebouw  Orchestra (Decca, 1997)
import started Mon May 18 08:28:02 2026
import started Mon May 18 08:28:17 2026
import started Mon May 18 08:28:27 2026
import started Mon May 18 08:28:37 2026
import started Mon May 18 08:28:48 2026
import started Mon May 18 08:28:58 2026
import started Mon May 18 08:29:08 2026
import started Mon May 18 08:29:19 2026
import started Mon May 18 08:29:29 2026
import started Mon May 18 08:29:39 2026
import started Mon May 18 08:29:50 2026
import started Mon May 18 08:30:00 2026
import started Mon May 18 08:30:10 2026
import started Mon May 18 08:30:21 2026
import started Mon May 18 08:30:31 2026
import started Mon May 18 08:30:41 2026
import started Mon May 18 08:30:51 2026
import started Mon May 18 08:31:02 2026
import started Mon May 18 08:31:12 2026
import started Mon May 18 08:31:22 2026
import started Mon May 18 08:31:33 2026
import started Mon May 18 08:31:43 2026
import started Mon May 18 08:31:53 2026
import started Mon May 18 08:32:03 2026
import started Mon May 18 08:32:14 2026
import started Mon May 18 08:32:24 2026
import started Mon May 18 08:32:34 2026
import started Mon May 18 08:32:45 2026
import started Mon May 18 08:32:55 2026
import started Mon May 18 08:33:05 2026
import started Mon May 18 08:33:16 2026
import started Mon May 18 08:33:26 2026
import started Mon May 18 08:33:36 2026
import started Mon May 18 08:33:47 2026
import started Mon May 18 08:33:57 2026
import started Mon May 18 08:34:07 2026
import started Mon May 18 08:34:17 2026
import started Mon May 18 08:34:28 2026
import started Mon May 18 08:34:38 2026
import started Mon May 18 08:34:48 2026
import started Mon May 18 08:34:59 2026
import started Mon May 18 08:35:09 2026
import started Mon May 18 08:35:19 2026
import started Mon May 18 08:35:30 2026
import started Mon May 18 08:35:40 2026
import started Mon May 18 08:35:50 2026
import started Mon May 18 08:36:00 2026
import started Mon May 18 08:36:11 2026
import started Mon May 18 08:36:21 2026
import started Mon May 18 08:36:31 2026
import started Mon May 18 08:36:42 2026
import started Mon May 18 08:36:52 2026
import started Mon May 18 08:37:02 2026
import started Mon May 18 08:37:13 2026
import started Mon May 18 08:37:23 2026
import started Mon May 18 08:37:33 2026
import started Mon May 18 08:37:43 2026
import started Mon May 18 08:37:54 2026
import started Mon May 18 08:38:04 2026
import started Mon May 18 08:38:14 2026
import started Mon May 18 08:38:25 2026
import started Mon May 18 08:38:35 2026
import started Mon May 18 08:38:45 2026
import started Mon May 18 08:38:56 2026
import started Mon May 18 08:39:06 2026
import started Mon May 18 08:39:16 2026
import started Mon May 18 08:39:26 2026
import started Mon May 18 08:39:37 2026
import started Mon May 18 08:39:47 2026
import started Mon May 18 08:39:57 2026
import started Mon May 18 08:40:08 2026
import started Mon May 18 08:40:18 2026
import started Mon May 18 08:40:28 2026
import started Mon May 18 08:40:39 2026
import started Mon May 18 08:40:49 2026
import started Mon May 18 08:40:59 2026
import started Mon May 18 08:41:09 2026
import started Mon May 18 08:41:20 2026
import started Mon May 18 08:41:30 2026
import started Mon May 18 08:41:40 2026
import started Mon May 18 08:41:51 2026
import started Mon May 18 08:42:01 2026
import started Mon May 18 08:42:11 2026
import started Mon May 18 08:42:22 2026
import started Mon May 18 08:42:32 2026
import started Mon May 18 08:42:42 2026
import started Mon May 18 08:42:53 2026
import started Mon May 18 08:43:03 2026
import started Mon May 18 08:43:13 2026
import started Mon May 18 08:43:23 2026
import started Mon May 18 08:43:34 2026
import started Mon May 18 08:43:44 2026
import started Mon May 18 08:43:54 2026
import started Mon May 18 08:44:05 2026
import started Mon May 18 08:44:15 2026
import started Mon May 18 08:44:25 2026
import started Mon May 18 08:44:36 2026
import started Mon May 18 08:44:46 2026
import started Mon May 18 08:44:56 2026
import started Mon May 18 08:45:07 2026
import started Mon May 18 08:45:17 2026
import started Mon May 18 08:45:27 2026
import started Mon May 18 08:45:38 2026
import started Mon May 18 08:45:48 2026
import started Mon May 18 08:45:58 2026
import started Mon May 18 08:46:09 2026
import started Mon May 18 08:46:19 2026
import started Mon May 18 08:46:29 2026
import started Mon May 18 08:46:39 2026
import started Mon May 18 08:46:50 2026
import started Mon May 18 08:47:00 2026
import started Mon May 18 08:47:10 2026
import started Mon May 18 08:47:21 2026
import started Mon May 18 08:47:31 2026
import started Mon May 18 08:47:41 2026
import started Mon May 18 08:47:52 2026
import started Mon May 18 08:48:02 2026
import started Mon May 18 08:48:12 2026
import started Mon May 18 08:48:23 2026
import started Mon May 18 08:48:33 2026
import started Mon May 18 08:48:43 2026
import started Mon May 18 08:48:53 2026
import started Mon May 18 08:49:04 2026
import started Mon May 18 08:49:14 2026
import started Mon May 18 08:49:24 2026
import started Mon May 18 08:49:35 2026
import started Mon May 18 08:49:45 2026
import started Mon May 18 08:49:55 2026
import started Mon May 18 08:50:06 2026
import started Mon May 18 08:50:16 2026
import started Mon May 18 08:50:26 2026
import started Mon May 18 08:50:36 2026
import started Mon May 18 08:50:47 2026
import started Mon May 18 08:50:57 2026
import started Mon May 18 08:51:07 2026
import started Mon May 18 08:51:18 2026
import started Mon May 18 08:51:28 2026
import started Mon May 18 08:51:38 2026
import started Mon May 18 08:51:49 2026
import started Mon May 18 08:51:59 2026
import started Mon May 18 08:52:09 2026
asis /Volumes/classical/staging/Masterworks Disc 10_ Brokes Passion Part 2 (1)
import started Mon May 18 08:53:43 2026
asis /Volumes/classical/staging/Masterworks Disc 11_ Brokes Passion Part 3 (1)
import started Mon May 18 08:54:51 2026
asis /Volumes/classical/staging/Masterworks Disc 12_ Johannes Passion (1)
import started Mon May 18 08:55:53 2026
asis /Volumes/classical/staging/Masterworks Disc 13_ Acis & Galatea Part 1 (1)
import started Mon May 18 08:56:17 2026
asis /Volumes/classical/staging/Masterworks Disc 14_ Acis & Galatea Part 2 (1)
import started Mon May 18 08:56:44 2026
asis /Volumes/classical/staging/Masterworks Disc 15_ Imeneo Part 1 (1)
import started Mon May 18 08:57:35 2026
import started Mon May 18 08:57:46 2026
asis /Volumes/classical/staging/Masterworks Disc 16_ Imeneo Part 2 (1)
import started Mon May 18 08:58:32 2026
asis /Volumes/classical/staging/Masterworks Disc 17_ Faramondo Part 1 (1)
import started Mon May 18 08:59:27 2026
asis /Volumes/classical/staging/Masterworks Disc 18_ Faramondo Part 2 (1)
import started Mon May 18 09:00:18 2026
asis /Volumes/classical/staging/Masterworks Disc 19_ Faramondo Part 3 (1)
import started Mon May 18 09:01:04 2026
asis /Volumes/classical/staging/Masterworks Disc 1_ Jephtha Part 1 (1)
import started Mon May 18 09:01:49 2026
asis /Volumes/classical/staging/Masterworks Disc 20_ Rinaldo Part 1 (1)
import started Mon May 18 09:02:16 2026
asis /Volumes/classical/staging/Masterworks Disc 21_ Rinaldo Part 2 (1)
import started Mon May 18 09:02:46 2026
asis /Volumes/classical/staging/Masterworks Disc 22_ Coronation Anthems (1)
import started Mon May 18 09:03:11 2026
asis /Volumes/classical/staging/Masterworks Disc 23_ Italian Cantatas vol.1 (1)
import started Mon May 18 09:03:39 2026
asis /Volumes/classical/staging/Masterworks Disc 24_ Italian Cantatas vol.2 (1)
import started Mon May 18 09:04:09 2026
asis /Volumes/classical/staging/Masterworks Disc 25_ German Arias (1)
import started Mon May 18 09:04:45 2026
asis /Volumes/classical/staging/Masterworks Disc 26_ Music for the Royal Fireworks. Water Music. (1)
import started Mon May 18 09:05:14 2026
asis /Volumes/classical/staging/Masterworks Disc 27_ Concerti Grossi Op.3 (1)
import started Mon May 18 09:05:40 2026
asis /Volumes/classical/staging/Masterworks Disc 28_ Concerti Grossi Op.6 Nos.1-4 (1)
import started Mon May 18 09:06:05 2026
asis /Volumes/classical/staging/Masterworks Disc 29_ Concerti Grossi Op.6 Nos.5-8 (1)
import started Mon May 18 09:06:31 2026
asis /Volumes/classical/staging/Masterworks Disc 2_ Jephtha Part 2 (1)
import started Mon May 18 09:07:15 2026
asis /Volumes/classical/staging/Masterworks Disc 30_ Concerti Grossi Op.6 Nos.9-12 (1)
import started Mon May 18 09:07:42 2026
asis /Volumes/classical/staging/Masterworks Disc 31_ Concerti a due chori (1)
import started Mon May 18 09:08:24 2026
asis /Volumes/classical/staging/Masterworks Disc 32_ Organ Concertos vol.1 (1)
import started Mon May 18 09:09:09 2026
asis /Volumes/classical/staging/Masterworks Disc 33_ Organ Concertos vol.2 (1)
import started Mon May 18 09:09:47 2026
asis /Volumes/classical/staging/Masterworks Disc 34_ Organ Concertos vol.3 (1)
import started Mon May 18 09:10:11 2026
asis /Volumes/classical/staging/Masterworks Disc 35_ Flute Sonatas (1)
import started Mon May 18 09:10:31 2026
asis /Volumes/classical/staging/Masterworks Disc 36_ Violin Sonatas. Oboe Sonatas (1)
import started Mon May 18 09:10:52 2026
asis /Volumes/classical/staging/Masterworks Disc 37_ Trio Sonatas Op.2 (1)
import started Mon May 18 09:11:17 2026
asis /Volumes/classical/staging/Masterworks Disc 38_ Trio Sonatas Op.5 (1)
import started Mon May 18 09:11:52 2026
asis /Volumes/classical/staging/Masterworks Disc 39_ Trio Sonatas for 2 violins & b.c. (1)
import started Mon May 18 09:12:11 2026
asis /Volumes/classical/staging/Masterworks Disc 3_ Jephtha Part 3 (1)
import started Mon May 18 09:12:53 2026
asis /Volumes/classical/staging/Masterworks Disc 40_ Recorder Sonatas (1)
import started Mon May 18 09:13:15 2026
asis /Volumes/classical/staging/Masterworks Disc 4_ Belsazar Part 1 (1)
import started Mon May 18 09:14:05 2026
asis /Volumes/classical/staging/Masterworks Disc 5_ Belsazar Part 2 (1)
import started Mon May 18 09:14:56 2026
asis /Volumes/classical/staging/Masterworks Disc 6_ Belsazar Part 3 (1)
import started Mon May 18 09:15:50 2026
asis /Volumes/classical/staging/Masterworks Disc 7_ Messiah Part 1 (1)
import started Mon May 18 09:16:34 2026
asis /Volumes/classical/staging/Masterworks Disc 8_ Messiah Part 2 (1)
import started Mon May 18 09:17:23 2026
asis /Volumes/classical/staging/Masterworks Disc 9_ Brokes Passion Part 1 (1)
import started Mon May 18 09:18:25 2026
asis /Volumes/classical/staging/Maurice de Abravanel/Mahler_ Symphony No4
import started Mon May 18 09:18:43 2026
asis /Volumes/classical/staging/Melos Quartet
import started Mon May 18 09:19:14 2026
asis /Volumes/classical/staging/Monks' Choir of the Benedictin/Gregorian Chants
import started Mon May 18 09:19:30 2026
asis /Volumes/classical/staging/Mozart/Unknown Album
import started Mon May 18 09:20:09 2026
asis /Volumes/classical/staging/Mozart_ Don Giovanni (Highlights)
import started Mon May 18 09:20:29 2026
asis /Volumes/classical/staging/Phyllis Curtin, Donald Gramm, Etc._ Frit/Beethoven_ Symphony #9, _Choral_
import started Mon May 18 09:20:45 2026
asis /Volumes/classical/staging/Richard Wagner/Der Ring des Nibelungen/01 Das Rheingold/cd 1
duplicate-replace /Volumes/classical/staging/Richard Wagner/Der Ring des Nibelungen/01 Das Rheingold/cd 1
import started Mon May 18 09:20:52 2026
import started Mon May 18 09:21:02 2026
asis /Volumes/classical/staging/Richard Wagner/Der Ring des Nibelungen/01 Das Rheingold/cd 2
duplicate-replace /Volumes/classical/staging/Richard Wagner/Der Ring des Nibelungen/01 Das Rheingold/cd 2
import started Mon May 18 09:21:09 2026
import started Mon May 18 09:21:19 2026
asis /Volumes/classical/staging/Richard Wagner/Der Ring des Nibelungen/02 Die Walkure/cd 1
duplicate-replace /Volumes/classical/staging/Richard Wagner/Der Ring des Nibelungen/02 Die Walkure/cd 1
import started Mon May 18 09:21:25 2026
import started Mon May 18 09:21:36 2026
asis /Volumes/classical/staging/Richard Wagner/Der Ring des Nibelungen/02 Die Walkure/cd 2
duplicate-replace /Volumes/classical/staging/Richard Wagner/Der Ring des Nibelungen/02 Die Walkure/cd 2
import started Mon May 18 09:21:42 2026
import started Mon May 18 09:21:52 2026
asis /Volumes/classical/staging/Richard Wagner/Der Ring des Nibelungen/02 Die Walkure/cd 3
duplicate-replace /Volumes/classical/staging/Richard Wagner/Der Ring des Nibelungen/02 Die Walkure/cd 3
import started Mon May 18 09:21:59 2026
import started Mon May 18 09:22:09 2026
asis /Volumes/classical/staging/Richard Wagner/Der Ring des Nibelungen/02 Die Walkure/cd 4
duplicate-replace /Volumes/classical/staging/Richard Wagner/Der Ring des Nibelungen/02 Die Walkure/cd 4
import started Mon May 18 09:22:16 2026
import started Mon May 18 09:22:26 2026
asis /Volumes/classical/staging/Richard Wagner/Der Ring des Nibelungen/03 Siegfried/cd 1
duplicate-replace /Volumes/classical/staging/Richard Wagner/Der Ring des Nibelungen/03 Siegfried/cd 1
import started Mon May 18 09:22:33 2026
import started Mon May 18 09:22:43 2026
asis /Volumes/classical/staging/Richard Wagner/Der Ring des Nibelungen/03 Siegfried/cd 2
duplicate-replace /Volumes/classical/staging/Richard Wagner/Der Ring des Nibelungen/03 Siegfried/cd 2
import started Mon May 18 09:23:00 2026
import started Mon May 18 09:23:10 2026
asis /Volumes/classical/staging/Richard Wagner/Der Ring des Nibelungen/03 Siegfried/cd 3
duplicate-replace /Volumes/classical/staging/Richard Wagner/Der Ring des Nibelungen/03 Siegfried/cd 3
import started Mon May 18 09:23:17 2026
import started Mon May 18 09:23:27 2026
asis /Volumes/classical/staging/Richard Wagner/Der Ring des Nibelungen/03 Siegfried/cd 4
duplicate-replace /Volumes/classical/staging/Richard Wagner/Der Ring des Nibelungen/03 Siegfried/cd 4
import started Mon May 18 09:23:34 2026
import started Mon May 18 09:23:44 2026
asis /Volumes/classical/staging/Richard Wagner/Der Ring des Nibelungen/04 Gotterdammerung/cd 1
duplicate-replace /Volumes/classical/staging/Richard Wagner/Der Ring des Nibelungen/04 Gotterdammerung/cd 1
import started Mon May 18 09:23:51 2026
import started Mon May 18 09:24:01 2026
asis /Volumes/classical/staging/Richard Wagner/Der Ring des Nibelungen/04 Gotterdammerung/cd 2
duplicate-replace /Volumes/classical/staging/Richard Wagner/Der Ring des Nibelungen/04 Gotterdammerung/cd 2
import started Mon May 18 09:24:08 2026
import started Mon May 18 09:24:18 2026
asis /Volumes/classical/staging/Richard Wagner/Der Ring des Nibelungen/04 Gotterdammerung/cd 3
duplicate-replace /Volumes/classical/staging/Richard Wagner/Der Ring des Nibelungen/04 Gotterdammerung/cd 3
import started Mon May 18 09:24:25 2026
import started Mon May 18 09:24:35 2026
asis /Volumes/classical/staging/Richard Wagner/Der Ring des Nibelungen/04 Gotterdammerung/cd 4
duplicate-replace /Volumes/classical/staging/Richard Wagner/Der Ring des Nibelungen/04 Gotterdammerung/cd 4
import started Mon May 18 09:24:42 2026
import started Mon May 18 09:24:52 2026
asis /Volumes/classical/staging/Richard Wagner/Richard Wagner - Die Kompletten Opern/Das Liebesverbot/CD 1
import started Mon May 18 09:25:10 2026
asis /Volumes/classical/staging/Richard Wagner/Richard Wagner - Die Kompletten Opern/Das Liebesverbot/CD 2
import started Mon May 18 09:25:29 2026
asis /Volumes/classical/staging/Richard Wagner/Richard Wagner - Die Kompletten Opern/Das Rheingold/CD 1
duplicate-replace /Volumes/classical/staging/Richard Wagner/Richard Wagner - Die Kompletten Opern/Das Rheingold/CD 1
import started Mon May 18 09:25:36 2026
import started Mon May 18 09:25:46 2026
asis /Volumes/classical/staging/Richard Wagner/Richard Wagner - Die Kompletten Opern/Das Rheingold/CD 2
duplicate-replace /Volumes/classical/staging/Richard Wagner/Richard Wagner - Die Kompletten Opern/Das Rheingold/CD 2
import started Mon May 18 09:25:53 2026
import started Mon May 18 09:26:04 2026
asis /Volumes/classical/staging/Richard Wagner/Richard Wagner - Die Kompletten Opern/Der Fliegende Holländer/CD 1
duplicate-replace /Volumes/classical/staging/Richard Wagner/Richard Wagner - Die Kompletten Opern/Der Fliegende Holländer/CD 1
import started Mon May 18 09:26:11 2026
import started Mon May 18 09:26:21 2026
asis /Volumes/classical/staging/Richard Wagner/Richard Wagner - Die Kompletten Opern/Der Fliegende Holländer/CD 2
duplicate-replace /Volumes/classical/staging/Richard Wagner/Richard Wagner - Die Kompletten Opern/Der Fliegende Holländer/CD 2
import started Mon May 18 09:26:30 2026
import started Mon May 18 09:26:40 2026
asis /Volumes/classical/staging/Richard Wagner/Richard Wagner - Die Kompletten Opern/Die Feen/CD 1
duplicate-replace /Volumes/classical/staging/Richard Wagner/Richard Wagner - Die Kompletten Opern/Die Feen/CD 1
import started Mon May 18 09:26:50 2026
import started Mon May 18 09:27:00 2026
asis /Volumes/classical/staging/Richard Wagner/Richard Wagner - Die Kompletten Opern/Die Feen/CD 2
duplicate-replace /Volumes/classical/staging/Richard Wagner/Richard Wagner - Die Kompletten Opern/Die Feen/CD 2
import started Mon May 18 09:27:07 2026
import started Mon May 18 09:27:17 2026
asis /Volumes/classical/staging/Richard Wagner/Richard Wagner - Die Kompletten Opern/Die Feen/CD 3
import started Mon May 18 09:27:34 2026
asis /Volumes/classical/staging/Richard Wagner/Richard Wagner - Die Kompletten Opern/Die Meistersinger von Nürnberg/CD 1
duplicate-replace /Volumes/classical/staging/Richard Wagner/Richard Wagner - Die Kompletten Opern/Die Meistersinger von Nürnberg/CD 1
import started Mon May 18 09:27:45 2026
import started Mon May 18 09:27:56 2026
asis /Volumes/classical/staging/Richard Wagner/Richard Wagner - Die Kompletten Opern/Die Meistersinger von Nürnberg/CD 2
duplicate-replace /Volumes/classical/staging/Richard Wagner/Richard Wagner - Die Kompletten Opern/Die Meistersinger von Nürnberg/CD 2
import started Mon May 18 09:28:05 2026
import started Mon May 18 09:28:15 2026
asis /Volumes/classical/staging/Richard Wagner/Richard Wagner - Die Kompletten Opern/Die Meistersinger von Nürnberg/CD 3
duplicate-replace /Volumes/classical/staging/Richard Wagner/Richard Wagner - Die Kompletten Opern/Die Meistersinger von Nürnberg/CD 3
import started Mon May 18 09:28:24 2026
import started Mon May 18 09:28:34 2026
asis /Volumes/classical/staging/Richard Wagner/Richard Wagner - Die Kompletten Opern/Die Meistersinger von Nürnberg/CD 4
import started Mon May 18 09:28:53 2026
asis /Volumes/classical/staging/Richard Wagner/Richard Wagner - Die Kompletten Opern/Die Walküre/CD 1
duplicate-replace /Volumes/classical/staging/Richard Wagner/Richard Wagner - Die Kompletten Opern/Die Walküre/CD 1
import started Mon May 18 09:29:00 2026
import started Mon May 18 09:29:10 2026
asis /Volumes/classical/staging/Richard Wagner/Richard Wagner - Die Kompletten Opern/Die Walküre/CD 2
duplicate-replace /Volumes/classical/staging/Richard Wagner/Richard Wagner - Die Kompletten Opern/Die Walküre/CD 2
import started Mon May 18 09:29:17 2026
import started Mon May 18 09:29:28 2026
asis /Volumes/classical/staging/Richard Wagner/Richard Wagner - Die Kompletten Opern/Die Walküre/CD 3
duplicate-replace /Volumes/classical/staging/Richard Wagner/Richard Wagner - Die Kompletten Opern/Die Walküre/CD 3
import started Mon May 18 09:29:35 2026
import started Mon May 18 09:29:45 2026
asis /Volumes/classical/staging/Richard Wagner/Richard Wagner - Die Kompletten Opern/Die Walküre/CD 4
duplicate-replace /Volumes/classical/staging/Richard Wagner/Richard Wagner - Die Kompletten Opern/Die Walküre/CD 4
import started Mon May 18 09:29:53 2026
import started Mon May 18 09:30:04 2026
asis /Volumes/classical/staging/Richard Wagner/Richard Wagner - Die Kompletten Opern/Götterdämmerung/CD 1
duplicate-replace /Volumes/classical/staging/Richard Wagner/Richard Wagner - Die Kompletten Opern/Götterdämmerung/CD 1
import started Mon May 18 09:30:24 2026
import started Mon May 18 09:30:34 2026
asis /Volumes/classical/staging/Richard Wagner/Richard Wagner - Die Kompletten Opern/Götterdämmerung/CD 2
duplicate-replace /Volumes/classical/staging/Richard Wagner/Richard Wagner - Die Kompletten Opern/Götterdämmerung/CD 2
import started Mon May 18 09:30:41 2026
import started Mon May 18 09:30:52 2026
asis /Volumes/classical/staging/Richard Wagner/Richard Wagner - Die Kompletten Opern/Götterdämmerung/CD 3
duplicate-replace /Volumes/classical/staging/Richard Wagner/Richard Wagner - Die Kompletten Opern/Götterdämmerung/CD 3
import started Mon May 18 09:30:58 2026
import started Mon May 18 09:31:09 2026
asis /Volumes/classical/staging/Richard Wagner/Richard Wagner - Die Kompletten Opern/Götterdämmerung/CD 4
duplicate-replace /Volumes/classical/staging/Richard Wagner/Richard Wagner - Die Kompletten Opern/Götterdämmerung/CD 4
import started Mon May 18 09:31:16 2026
import started Mon May 18 09:31:26 2026
asis /Volumes/classical/staging/Richard Wagner/Richard Wagner - Die Kompletten Opern/Lohengrin/CD 1
duplicate-replace /Volumes/classical/staging/Richard Wagner/Richard Wagner - Die Kompletten Opern/Lohengrin/CD 1
import started Mon May 18 09:31:33 2026
import started Mon May 18 09:31:43 2026
asis /Volumes/classical/staging/Richard Wagner/Richard Wagner - Die Kompletten Opern/Lohengrin/CD 2
duplicate-replace /Volumes/classical/staging/Richard Wagner/Richard Wagner - Die Kompletten Opern/Lohengrin/CD 2
import started Mon May 18 09:32:00 2026
import started Mon May 18 09:32:10 2026
asis /Volumes/classical/staging/Richard Wagner/Richard Wagner - Die Kompletten Opern/Lohengrin/CD 3
duplicate-replace /Volumes/classical/staging/Richard Wagner/Richard Wagner - Die Kompletten Opern/Lohengrin/CD 3
import started Mon May 18 09:32:35 2026
import started Mon May 18 09:32:46 2026
asis /Volumes/classical/staging/Richard Wagner/Richard Wagner - opera omnia/Das Liebesverbot Disc 1
import started Mon May 18 09:33:14 2026
asis /Volumes/classical/staging/Richard Wagner/Richard Wagner - opera omnia/Das Liebesverbot Disc 2
import started Mon May 18 09:33:44 2026
asis /Volumes/classical/staging/Richard Wagner/Richard Wagner - opera omnia/Das Rheingold Disc 1
import started Mon May 18 09:34:08 2026
asis /Volumes/classical/staging/Richard Wagner/Richard Wagner - opera omnia/Das Rheingold Disc 2
import started Mon May 18 09:34:31 2026
asis /Volumes/classical/staging/Richard Wagner/Richard Wagner - opera omnia/Der Fliegende Holländer Disc 1
import started Mon May 18 09:35:24 2026
import started Mon May 18 09:35:35 2026
asis /Volumes/classical/staging/Richard Wagner/Richard Wagner - opera omnia/Der Fliegende Holländer Disc 2
import started Mon May 18 09:36:21 2026
import started Mon May 18 09:36:31 2026
asis /Volumes/classical/staging/Richard Wagner/Richard Wagner - opera omnia/Die Feen Disc 1
import started Mon May 18 09:36:55 2026
asis /Volumes/classical/staging/Richard Wagner/Richard Wagner - opera omnia/Die Feen Disc 2
import started Mon May 18 09:37:16 2026
asis /Volumes/classical/staging/Richard Wagner/Richard Wagner - opera omnia/Die Feen Disc 3
import started Mon May 18 09:37:59 2026
import started Mon May 18 09:38:09 2026
asis /Volumes/classical/staging/Richard Wagner/Richard Wagner - opera omnia/Die Meistersinger von Nürnberg Disc 1
import started Mon May 18 09:38:30 2026
asis /Volumes/classical/staging/Richard Wagner/Richard Wagner - opera omnia/Die Meistersinger von Nürnberg Disc 2
import started Mon May 18 09:38:51 2026
asis /Volumes/classical/staging/Richard Wagner/Richard Wagner - opera omnia/Die Meistersinger von Nürnberg Disc 3
import started Mon May 18 09:39:12 2026
asis /Volumes/classical/staging/Richard Wagner/Richard Wagner - opera omnia/Die Meistersinger von Nürnberg Disc 4
import started Mon May 18 09:39:34 2026
asis /Volumes/classical/staging/Richard Wagner/Richard Wagner - opera omnia/Die Walküre Disc 1
import started Mon May 18 09:39:56 2026
asis /Volumes/classical/staging/Richard Wagner/Richard Wagner - opera omnia/Die Walküre Disc 2
import started Mon May 18 09:40:16 2026
asis /Volumes/classical/staging/Richard Wagner/Richard Wagner - opera omnia/Die Walküre Disc 3
import started Mon May 18 09:40:35 2026
asis /Volumes/classical/staging/Richard Wagner/Richard Wagner - opera omnia/Die Walküre Disc 4
import started Mon May 18 09:40:57 2026
asis /Volumes/classical/staging/Richard Wagner/Richard Wagner - opera omnia/Götterdämmerung Disc 1
import started Mon May 18 09:41:18 2026
asis /Volumes/classical/staging/Richard Wagner/Richard Wagner - opera omnia/Götterdämmerung Disc 2
import started Mon May 18 09:41:39 2026
asis /Volumes/classical/staging/Richard Wagner/Richard Wagner - opera omnia/Götterdämmerung Disc 3
import started Mon May 18 09:42:00 2026
asis /Volumes/classical/staging/Richard Wagner/Richard Wagner - opera omnia/Götterdämmerung Disc 4
import started Mon May 18 09:42:28 2026
asis /Volumes/classical/staging/Richard Wagner/Richard Wagner - opera omnia/Lohengrin Disc 1
import started Mon May 18 09:42:51 2026
asis /Volumes/classical/staging/Richard Wagner/Richard Wagner - opera omnia/Lohengrin Disc 2
import started Mon May 18 09:43:22 2026
asis /Volumes/classical/staging/Richard Wagner/Richard Wagner - opera omnia/Lohengrin Disc 3
import started Mon May 18 09:43:44 2026
asis /Volumes/classical/staging/Richard Wagner/Richard Wagner - opera omnia/Parsifal Disc 1
import started Mon May 18 09:44:04 2026
asis /Volumes/classical/staging/Richard Wagner/Richard Wagner - opera omnia/Parsifal Disc 2
import started Mon May 18 09:44:24 2026
asis /Volumes/classical/staging/Richard Wagner/Richard Wagner - opera omnia/Parsifal Disc 3
import started Mon May 18 09:44:46 2026
asis /Volumes/classical/staging/Richard Wagner/Richard Wagner - opera omnia/Parsifal Disc 4
import started Mon May 18 09:45:17 2026
asis /Volumes/classical/staging/Richard Wagner/Richard Wagner - opera omnia/Rienzi Disc 1
import started Mon May 18 09:45:36 2026
asis /Volumes/classical/staging/Richard Wagner/Richard Wagner - opera omnia/Rienzi Disc 2
import started Mon May 18 09:45:56 2026
asis /Volumes/classical/staging/Richard Wagner/Richard Wagner - opera omnia/Rienzi Disc 3
import started Mon May 18 09:46:16 2026
asis /Volumes/classical/staging/Richard Wagner/Richard Wagner - opera omnia/Rienzi Disc 4
import started Mon May 18 09:47:07 2026
asis /Volumes/classical/staging/Richard Wagner/Richard Wagner - opera omnia/Siegfried Disc 1
import started Mon May 18 09:48:06 2026
import started Mon May 18 09:48:17 2026
asis /Volumes/classical/staging/Richard Wagner/Richard Wagner - opera omnia/Siegfried Disc 2
import started Mon May 18 09:49:01 2026
import started Mon May 18 09:49:11 2026
asis /Volumes/classical/staging/Richard Wagner/Richard Wagner - opera omnia/Siegfried Disc 3
import started Mon May 18 09:49:53 2026
import started Mon May 18 09:50:03 2026
asis /Volumes/classical/staging/Richard Wagner/Richard Wagner - opera omnia/Siegfried Disc 4
import started Mon May 18 09:50:44 2026
import started Mon May 18 09:50:54 2026
asis /Volumes/classical/staging/Richard Wagner/Richard Wagner - opera omnia/Tannhäuser Disc 1
import started Mon May 18 09:51:14 2026
asis /Volumes/classical/staging/Richard Wagner/Richard Wagner - opera omnia/Tannhäuser Disc 2
import started Mon May 18 09:51:34 2026
asis /Volumes/classical/staging/Richard Wagner/Richard Wagner - opera omnia/Tannhäuser Disc 3
import started Mon May 18 09:51:53 2026
asis /Volumes/classical/staging/Richard Wagner/Richard Wagner - opera omnia/Tristan und Isolde Disc 1
import started Mon May 18 09:52:16 2026
asis /Volumes/classical/staging/Richard Wagner/Richard Wagner - opera omnia/Tristan und Isolde Disc 2
import started Mon May 18 09:52:43 2026
asis /Volumes/classical/staging/Richard Wagner/Richard Wagner - opera omnia/Tristan und Isolde Disc 3
import started Mon May 18 09:53:09 2026
asis /Volumes/classical/staging/Richard Wagner/Richard Wagner - opera omnia/Tristan und Isolde Disc 4
import started Mon May 18 09:53:34 2026
asis /Volumes/classical/staging/Richard Wagner/Tannhäuser (Acto 1) - Georg Solti, Wiene
import started Mon May 18 09:53:56 2026
asis /Volumes/classical/staging/Richard Wagner/Tannhäuser (Acto 3) - Georg Solti, Wiene
import started Mon May 18 09:54:19 2026
asis /Volumes/classical/staging/Richard Wagner/Tristan Und Isolde - Karajan 1972 - Flac (Wagner)/CD 1 - Flac
import started Mon May 18 09:54:41 2026
asis /Volumes/classical/staging/Richard Wagner/Tristan Und Isolde - Karajan 1972 - Flac (Wagner)/CD 2 - Flac
import started Mon May 18 09:55:00 2026
asis /Volumes/classical/staging/Richard Wagner/Tristan Und Isolde - Karajan 1972 - Flac (Wagner)/CD 3 - Flac
import started Mon May 18 09:55:19 2026
asis /Volumes/classical/staging/Richard Wagner/Tristan Und Isolde - Karajan 1972 - Flac (Wagner)/CD 4 - Flac
import started Mon May 18 09:55:38 2026
asis /Volumes/classical/staging/Rinaldo (Disk 1 of 3)
import started Mon May 18 09:56:07 2026
asis /Volumes/classical/staging/Rinaldo (Disk 2 of 3)
import started Mon May 18 09:56:57 2026
import started Mon May 18 09:57:07 2026
asis /Volumes/classical/staging/Rinaldo (Disk 3 of 3)
import started Mon May 18 09:57:36 2026
asis /Volumes/classical/staging/Rossini_ Stabat Mater
import started Mon May 18 09:58:22 2026
import started Mon May 18 09:58:32 2026
asis /Volumes/classical/staging/Samuel Ramey, Ferruccio Furlanetto_ Herb/Mozart_ Don Giovanni (Highlights)
import started Mon May 18 09:58:49 2026
asis /Volumes/classical/staging/Samuel Ramey, Kathleen Battle, Etc._ Her/Mozart_ Don Giovanni (Highlights)
import started Mon May 18 09:59:06 2026
asis /Volumes/classical/staging/Samuel Ramey_ Herbert Von Karajan_ Berli/Mozart_ Don Giovanni (Highlights)
import started Mon May 18 09:59:51 2026
import started Mon May 18 10:00:01 2026
asis /Volumes/classical/staging/Semyon Bychkov_ Berlin Philharmonic Orch/Shostakovich_ Symphony #5
import started Mon May 18 10:00:19 2026
asis /Volumes/classical/staging/Simon Preston_ Westminster Abbey Choir/Palestrina_ Missa Papae Marcelli_ Allegr
import started Mon May 18 10:00:42 2026
asis /Volumes/classical/staging/The American Chamber Players/Stravinsky_ Chamber Music
import started Mon May 18 10:01:04 2026
asis /Volumes/classical/staging/The Baroque Guitar
import started Mon May 18 10:01:26 2026
asis /Volumes/classical/staging/Ulrich Backofen/Schubert_ Mass No. 4 in C major_ Symphon
import started Mon May 18 10:01:45 2026
asis /Volumes/classical/staging/Verdi_ Requiem, Operatic Choruses [Disc
import started Mon May 18 10:02:06 2026
asis /Volumes/classical/staging/Vienna Philharmonic/Leonard Bernstein _ Bernstein - Mahler,
import started Mon May 18 10:02:26 2026
asis /Volumes/classical/staging/Vivaldi_ Le Quattro Stagioni
import started Mon May 18 10:02:48 2026
asis /Volumes/classical/staging/Vladimir Ashkenazy_ Royal Concertgebouw/Prokofiev Symphony No.5
import started Mon May 18 10:03:30 2026
import started Mon May 18 10:03:41 2026
asis /Volumes/classical/staging/Vladimir Horowitz/24 - Horowitz In Moscow
import started Mon May 18 10:04:12 2026
asis /Volumes/classical/staging/Vladimir Horowitz/Horowitz Plays Clementi
import started Mon May 18 10:04:36 2026
asis /Volumes/classical/staging/Vladimir Horowitz/Horowitz at Home
import started Mon May 18 10:04:56 2026
asis /Volumes/classical/staging/Vladimir Horowitz/Horowitz in Moscow - Mozart Chopin Liszt - 1986
import started Mon May 18 10:05:28 2026
asis /Volumes/classical/staging/Vladimir Horowitz/Mussorgsky_ Pictures At An Exhibition_Tc
import started Mon May 18 10:05:53 2026
asis /Volumes/classical/staging/Vladimir Horowitz/Vladimir Horowitz - The Chopin Collection/CD1
import started Mon May 18 10:06:20 2026
asis /Volumes/classical/staging/Vladimir Horowitz/Vladimir Horowitz - The Chopin Collection/CD2
duplicate-replace /Volumes/classical/staging/Vladimir Horowitz/Vladimir Horowitz - The Chopin Collection/CD2
import started Mon May 18 10:06:34 2026
import started Mon May 18 10:06:44 2026
asis /Volumes/classical/staging/Vladimir Horowitz/Vladimir Horowitz - The Chopin Collection/CD3
duplicate-replace /Volumes/classical/staging/Vladimir Horowitz/Vladimir Horowitz - The Chopin Collection/CD3
import started Mon May 18 10:06:58 2026
import started Mon May 18 10:07:08 2026
asis /Volumes/classical/staging/Vladimir Horowitz/Vladimir Horowitz - The Chopin Collection/CD4
duplicate-replace /Volumes/classical/staging/Vladimir Horowitz/Vladimir Horowitz - The Chopin Collection/CD4
import started Mon May 18 10:07:19 2026
import started Mon May 18 10:07:29 2026
asis /Volumes/classical/staging/Vladimir Horowitz/Vladimir Horowitz - The Chopin Collection/CD5
duplicate-replace /Volumes/classical/staging/Vladimir Horowitz/Vladimir Horowitz - The Chopin Collection/CD5
import started Mon May 18 10:07:41 2026
import started Mon May 18 10:07:51 2026
asis /Volumes/classical/staging/Vladimir Horowitz/Vladimir Horowitz - The Chopin Collection/CD6
duplicate-replace /Volumes/classical/staging/Vladimir Horowitz/Vladimir Horowitz - The Chopin Collection/CD6
import started Mon May 18 10:08:04 2026
import started Mon May 18 10:08:14 2026
asis /Volumes/classical/staging/Vladimir Horowitz/Vladimir Horowitz - The Chopin Collection/CD7
duplicate-replace /Volumes/classical/staging/Vladimir Horowitz/Vladimir Horowitz - The Chopin Collection/CD7
import started Mon May 18 10:08:29 2026
import started Mon May 18 10:08:40 2026
asis /Volumes/classical/staging/W. A. Mozart - Messen KV317 & KV337 u.a_
import started Mon May 18 10:09:04 2026
asis /Volumes/classical/staging/Wolfgang Amadeus Mozart/Don Giovanni. Berliner PO, Karajan
import started Mon May 18 10:09:28 2026
asis /Volumes/classical/staging/Wolfgang Amadeus Mozart/MOZART 225/FLAC/01 - Chamber (001-049)/CD-001
import started Mon May 18 10:10:08 2026
asis /Volumes/classical/staging/Wolfgang Amadeus Mozart/MOZART 225/FLAC/01 - Chamber (001-049)/CD-002
import started Mon May 18 10:10:34 2026
asis /Volumes/classical/staging/Wolfgang Amadeus Mozart/MOZART 225/FLAC/01 - Chamber (001-049)/CD-003
import started Mon May 18 10:10:57 2026
asis /Volumes/classical/staging/Wolfgang Amadeus Mozart/MOZART 225/FLAC/01 - Chamber (001-049)/CD-004
import started Mon May 18 10:11:19 2026
asis /Volumes/classical/staging/Wolfgang Amadeus Mozart/MOZART 225/FLAC/01 - Chamber (001-049)/CD-005
import started Mon May 18 10:11:40 2026
asis /Volumes/classical/staging/Wolfgang Amadeus Mozart/MOZART 225/FLAC/01 - Chamber (001-049)/CD-006
import started Mon May 18 10:12:11 2026
asis /Volumes/classical/staging/Wolfgang Amadeus Mozart/MOZART 225/FLAC/01 - Chamber (001-049)/CD-007
import started Mon May 18 10:12:42 2026
asis /Volumes/classical/staging/Wolfgang Amadeus Mozart/MOZART 225/FLAC/01 - Chamber (001-049)/CD-008
import started Mon May 18 10:13:05 2026
asis /Volumes/classical/staging/Wolfgang Amadeus Mozart/MOZART 225/FLAC/01 - Chamber (001-049)/CD-009
import started Mon May 18 10:13:26 2026
asis /Volumes/classical/staging/Wolfgang Amadeus Mozart/MOZART 225/FLAC/01 - Chamber (001-049)/CD-010
import started Mon May 18 10:13:53 2026
asis /Volumes/classical/staging/Wolfgang Amadeus Mozart/MOZART 225/FLAC/01 - Chamber (001-049)/CD-011
import started Mon May 18 10:14:19 2026
asis /Volumes/classical/staging/Wolfgang Amadeus Mozart/MOZART 225/FLAC/01 - Chamber (001-049)/CD-012
import started Mon May 18 10:14:54 2026
asis /Volumes/classical/staging/Wolfgang Amadeus Mozart/MOZART 225/FLAC/01 - Chamber (001-049)/CD-013
import started Mon May 18 10:15:21 2026
asis /Volumes/classical/staging/Wolfgang Amadeus Mozart/MOZART 225/FLAC/01 - Chamber (001-049)/CD-014
import started Mon May 18 10:15:45 2026
asis /Volumes/classical/staging/Wolfgang Amadeus Mozart/MOZART 225/FLAC/01 - Chamber (001-049)/CD-015
import started Mon May 18 10:16:07 2026
asis /Volumes/classical/staging/Wolfgang Amadeus Mozart/MOZART 225/FLAC/01 - Chamber (001-049)/CD-016
import started Mon May 18 10:16:33 2026
asis /Volumes/classical/staging/Wolfgang Amadeus Mozart/MOZART 225/FLAC/01 - Chamber (001-049)/CD-017
import started Mon May 18 10:16:57 2026
asis /Volumes/classical/staging/Wolfgang Amadeus Mozart/MOZART 225/FLAC/01 - Chamber (001-049)/CD-018
import started Mon May 18 10:17:25 2026
asis /Volumes/classical/staging/Wolfgang Amadeus Mozart/MOZART 225/FLAC/01 - Chamber (001-049)/CD-019
import started Mon May 18 10:17:46 2026
asis /Volumes/classical/staging/Wolfgang Amadeus Mozart/MOZART 225/FLAC/01 - Chamber (001-049)/CD-020
import started Mon May 18 10:18:08 2026
asis /Volumes/classical/staging/Wolfgang Amadeus Mozart/MOZART 225/FLAC/01 - Chamber (001-049)/CD-021
import started Mon May 18 10:18:28 2026
asis /Volumes/classical/staging/Wolfgang Amadeus Mozart/MOZART 225/FLAC/01 - Chamber (001-049)/CD-022
import started Mon May 18 10:18:49 2026
asis /Volumes/classical/staging/Wolfgang Amadeus Mozart/MOZART 225/FLAC/01 - Chamber (001-049)/CD-023
import started Mon May 18 10:19:16 2026
asis /Volumes/classical/staging/Wolfgang Amadeus Mozart/MOZART 225/FLAC/01 - Chamber (001-049)/CD-024
import started Mon May 18 10:19:42 2026
asis /Volumes/classical/staging/Wolfgang Amadeus Mozart/MOZART 225/FLAC/01 - Chamber (001-049)/CD-025
import started Mon May 18 10:20:09 2026
asis /Volumes/classical/staging/Wolfgang Amadeus Mozart/MOZART 225/FLAC/01 - Chamber (001-049)/CD-026
import started Mon May 18 10:20:30 2026
asis /Volumes/classical/staging/Wolfgang Amadeus Mozart/MOZART 225/FLAC/01 - Chamber (001-049)/CD-027
import started Mon May 18 10:20:53 2026
asis /Volumes/classical/staging/Wolfgang Amadeus Mozart/MOZART 225/FLAC/01 - Chamber (001-049)/CD-028
import started Mon May 18 10:21:14 2026
asis /Volumes/classical/staging/Wolfgang Amadeus Mozart/MOZART 225/FLAC/01 - Chamber (001-049)/CD-029
import started Mon May 18 10:21:35 2026
asis /Volumes/classical/staging/Wolfgang Amadeus Mozart/MOZART 225/FLAC/01 - Chamber (001-049)/CD-030
import started Mon May 18 10:21:58 2026
asis /Volumes/classical/staging/Wolfgang Amadeus Mozart/MOZART 225/FLAC/01 - Chamber (001-049)/CD-031
import started Mon May 18 10:22:20 2026
asis /Volumes/classical/staging/Wolfgang Amadeus Mozart/MOZART 225/FLAC/01 - Chamber (001-049)/CD-032
import started Mon May 18 10:22:40 2026
asis /Volumes/classical/staging/Wolfgang Amadeus Mozart/MOZART 225/FLAC/01 - Chamber (001-049)/CD-033
import started Mon May 18 10:23:01 2026
asis /Volumes/classical/staging/Wolfgang Amadeus Mozart/MOZART 225/FLAC/01 - Chamber (001-049)/CD-034
import started Mon May 18 10:23:23 2026
asis /Volumes/classical/staging/Wolfgang Amadeus Mozart/MOZART 225/FLAC/01 - Chamber (001-049)/CD-035
import started Mon May 18 10:23:53 2026
asis /Volumes/classical/staging/Wolfgang Amadeus Mozart/MOZART 225/FLAC/01 - Chamber (001-049)/CD-036
import started Mon May 18 10:24:21 2026
asis /Volumes/classical/staging/Wolfgang Amadeus Mozart/MOZART 225/FLAC/01 - Chamber (001-049)/CD-037
import started Mon May 18 10:24:47 2026
asis /Volumes/classical/staging/Wolfgang Amadeus Mozart/MOZART 225/FLAC/01 - Chamber (001-049)/CD-038
import started Mon May 18 10:25:09 2026
asis /Volumes/classical/staging/Wolfgang Amadeus Mozart/MOZART 225/FLAC/01 - Chamber (001-049)/CD-039
import started Mon May 18 10:25:32 2026
asis /Volumes/classical/staging/Wolfgang Amadeus Mozart/MOZART 225/FLAC/01 - Chamber (001-049)/CD-040
import started Mon May 18 10:25:54 2026
asis /Volumes/classical/staging/Wolfgang Amadeus Mozart/MOZART 225/FLAC/01 - Chamber (001-049)/CD-041
import started Mon May 18 10:26:14 2026
asis /Volumes/classical/staging/Wolfgang Amadeus Mozart/MOZART 225/FLAC/01 - Chamber (001-049)/CD-042
import started Mon May 18 10:26:35 2026
asis /Volumes/classical/staging/Wolfgang Amadeus Mozart/MOZART 225/FLAC/01 - Chamber (001-049)/CD-043
import started Mon May 18 10:26:56 2026
asis /Volumes/classical/staging/Wolfgang Amadeus Mozart/MOZART 225/FLAC/01 - Chamber (001-049)/CD-044
import started Mon May 18 10:27:19 2026
asis /Volumes/classical/staging/Wolfgang Amadeus Mozart/MOZART 225/FLAC/01 - Chamber (001-049)/CD-045
import started Mon May 18 10:27:41 2026
asis /Volumes/classical/staging/Wolfgang Amadeus Mozart/MOZART 225/FLAC/01 - Chamber (001-049)/CD-046
import started Mon May 18 10:28:02 2026
asis /Volumes/classical/staging/Wolfgang Amadeus Mozart/MOZART 225/FLAC/01 - Chamber (001-049)/CD-047
import started Mon May 18 10:28:24 2026
asis /Volumes/classical/staging/Wolfgang Amadeus Mozart/MOZART 225/FLAC/01 - Chamber (001-049)/CD-048
import started Mon May 18 10:28:46 2026
asis /Volumes/classical/staging/Wolfgang Amadeus Mozart/MOZART 225/FLAC/01 - Chamber (001-049)/CD-049
import started Mon May 18 10:29:09 2026
asis /Volumes/classical/staging/Wolfgang Amadeus Mozart/MOZART 225/FLAC/02 - Orchestral (050-101)/CD-050
import started Mon May 18 10:29:41 2026
asis /Volumes/classical/staging/Wolfgang Amadeus Mozart/MOZART 225/FLAC/02 - Orchestral (050-101)/CD-051
import started Mon May 18 10:30:11 2026
asis /Volumes/classical/staging/Wolfgang Amadeus Mozart/MOZART 225/FLAC/02 - Orchestral (050-101)/CD-052
import started Mon May 18 10:30:37 2026
asis /Volumes/classical/staging/Wolfgang Amadeus Mozart/MOZART 225/FLAC/02 - Orchestral (050-101)/CD-053
import started Mon May 18 10:31:04 2026
asis /Volumes/classical/staging/Wolfgang Amadeus Mozart/MOZART 225/FLAC/02 - Orchestral (050-101)/CD-054
import started Mon May 18 10:31:29 2026
asis /Volumes/classical/staging/Wolfgang Amadeus Mozart/MOZART 225/FLAC/02 - Orchestral (050-101)/CD-055
import started Mon May 18 10:31:51 2026
asis /Volumes/classical/staging/Wolfgang Amadeus Mozart/MOZART 225/FLAC/02 - Orchestral (050-101)/CD-056
import started Mon May 18 10:32:15 2026
asis /Volumes/classical/staging/Wolfgang Amadeus Mozart/MOZART 225/FLAC/02 - Orchestral (050-101)/CD-057
import started Mon May 18 10:32:59 2026
asis /Volumes/classical/staging/Wolfgang Amadeus Mozart/MOZART 225/FLAC/02 - Orchestral (050-101)/CD-058
import started Mon May 18 10:33:31 2026
asis /Volumes/classical/staging/Wolfgang Amadeus Mozart/MOZART 225/FLAC/02 - Orchestral (050-101)/CD-059
import started Mon May 18 10:33:51 2026
asis /Volumes/classical/staging/Wolfgang Amadeus Mozart/MOZART 225/FLAC/02 - Orchestral (050-101)/CD-060
import started Mon May 18 10:34:31 2026
import started Mon May 18 10:34:41 2026
asis /Volumes/classical/staging/Wolfgang Amadeus Mozart/MOZART 225/FLAC/02 - Orchestral (050-101)/CD-061
import started Mon May 18 10:35:03 2026
asis /Volumes/classical/staging/Wolfgang Amadeus Mozart/MOZART 225/FLAC/02 - Orchestral (050-101)/CD-062
import started Mon May 18 10:35:27 2026
asis /Volumes/classical/staging/Wolfgang Amadeus Mozart/MOZART 225/FLAC/02 - Orchestral (050-101)/CD-063
import started Mon May 18 10:35:52 2026
asis /Volumes/classical/staging/Wolfgang Amadeus Mozart/MOZART 225/FLAC/02 - Orchestral (050-101)/CD-064
import started Mon May 18 10:36:17 2026
asis /Volumes/classical/staging/Wolfgang Amadeus Mozart/MOZART 225/FLAC/02 - Orchestral (050-101)/CD-065
import started Mon May 18 10:36:42 2026
asis /Volumes/classical/staging/Wolfgang Amadeus Mozart/MOZART 225/FLAC/02 - Orchestral (050-101)/CD-066
import started Mon May 18 10:37:05 2026
asis /Volumes/classical/staging/Wolfgang Amadeus Mozart/MOZART 225/FLAC/02 - Orchestral (050-101)/CD-067
import started Mon May 18 10:37:26 2026
asis /Volumes/classical/staging/Wolfgang Amadeus Mozart/MOZART 225/FLAC/02 - Orchestral (050-101)/CD-068
import started Mon May 18 10:37:48 2026
asis /Volumes/classical/staging/Wolfgang Amadeus Mozart/MOZART 225/FLAC/02 - Orchestral (050-101)/CD-069
import started Mon May 18 10:38:28 2026
asis /Volumes/classical/staging/Wolfgang Amadeus Mozart/MOZART 225/FLAC/02 - Orchestral (050-101)/CD-070
import started Mon May 18 10:39:08 2026
asis /Volumes/classical/staging/Wolfgang Amadeus Mozart/MOZART 225/FLAC/02 - Orchestral (050-101)/CD-071
import started Mon May 18 10:39:39 2026
asis /Volumes/classical/staging/Wolfgang Amadeus Mozart/MOZART 225/FLAC/02 - Orchestral (050-101)/CD-072
import started Mon May 18 10:40:14 2026
asis /Volumes/classical/staging/Wolfgang Amadeus Mozart/MOZART 225/FLAC/02 - Orchestral (050-101)/CD-073
import started Mon May 18 10:40:47 2026
asis /Volumes/classical/staging/Wolfgang Amadeus Mozart/MOZART 225/FLAC/02 - Orchestral (050-101)/CD-074
import started Mon May 18 10:41:15 2026
asis /Volumes/classical/staging/Wolfgang Amadeus Mozart/MOZART 225/FLAC/02 - Orchestral (050-101)/CD-075
import started Mon May 18 10:41:46 2026
asis /Volumes/classical/staging/Wolfgang Amadeus Mozart/MOZART 225/FLAC/02 - Orchestral (050-101)/CD-076
import started Mon May 18 10:42:08 2026
asis /Volumes/classical/staging/Wolfgang Amadeus Mozart/MOZART 225/FLAC/02 - Orchestral (050-101)/CD-077
import started Mon May 18 10:42:34 2026
asis /Volumes/classical/staging/Wolfgang Amadeus Mozart/MOZART 225/FLAC/02 - Orchestral (050-101)/CD-078
import started Mon May 18 10:42:53 2026
asis /Volumes/classical/staging/Wolfgang Amadeus Mozart/MOZART 225/FLAC/02 - Orchestral (050-101)/CD-079
import started Mon May 18 10:43:15 2026
asis /Volumes/classical/staging/Wolfgang Amadeus Mozart/MOZART 225/FLAC/02 - Orchestral (050-101)/CD-080
import started Mon May 18 10:43:37 2026
asis /Volumes/classical/staging/Wolfgang Amadeus Mozart/MOZART 225/FLAC/02 - Orchestral (050-101)/CD-081
import started Mon May 18 10:43:59 2026
asis /Volumes/classical/staging/Wolfgang Amadeus Mozart/MOZART 225/FLAC/02 - Orchestral (050-101)/CD-082
import started Mon May 18 10:44:20 2026
asis /Volumes/classical/staging/Wolfgang Amadeus Mozart/MOZART 225/FLAC/02 - Orchestral (050-101)/CD-083
import started Mon May 18 10:44:41 2026
asis /Volumes/classical/staging/Wolfgang Amadeus Mozart/MOZART 225/FLAC/02 - Orchestral (050-101)/CD-084
import started Mon May 18 10:45:00 2026
asis /Volumes/classical/staging/Wolfgang Amadeus Mozart/MOZART 225/FLAC/02 - Orchestral (050-101)/CD-085
import started Mon May 18 10:45:20 2026
asis /Volumes/classical/staging/Wolfgang Amadeus Mozart/MOZART 225/FLAC/02 - Orchestral (050-101)/CD-086
import started Mon May 18 10:45:41 2026
asis /Volumes/classical/staging/Wolfgang Amadeus Mozart/MOZART 225/FLAC/02 - Orchestral (050-101)/CD-087
import started Mon May 18 10:46:02 2026
asis /Volumes/classical/staging/Wolfgang Amadeus Mozart/MOZART 225/FLAC/02 - Orchestral (050-101)/CD-088
import started Mon May 18 10:46:27 2026
asis /Volumes/classical/staging/Wolfgang Amadeus Mozart/MOZART 225/FLAC/02 - Orchestral (050-101)/CD-089
import started Mon May 18 10:46:48 2026
asis /Volumes/classical/staging/Wolfgang Amadeus Mozart/MOZART 225/FLAC/02 - Orchestral (050-101)/CD-090
import started Mon May 18 10:47:08 2026
asis /Volumes/classical/staging/Wolfgang Amadeus Mozart/MOZART 225/FLAC/02 - Orchestral (050-101)/CD-091
import started Mon May 18 10:47:28 2026
asis /Volumes/classical/staging/Wolfgang Amadeus Mozart/MOZART 225/FLAC/02 - Orchestral (050-101)/CD-092
import started Mon May 18 10:47:48 2026
asis /Volumes/classical/staging/Wolfgang Amadeus Mozart/MOZART 225/FLAC/02 - Orchestral (050-101)/CD-093
import started Mon May 18 10:48:29 2026
import started Mon May 18 10:48:39 2026
asis /Volumes/classical/staging/Wolfgang Amadeus Mozart/MOZART 225/FLAC/02 - Orchestral (050-101)/CD-094
import started Mon May 18 10:49:00 2026
asis /Volumes/classical/staging/Wolfgang Amadeus Mozart/MOZART 225/FLAC/02 - Orchestral (050-101)/CD-095
import started Mon May 18 10:49:19 2026
asis /Volumes/classical/staging/Wolfgang Amadeus Mozart/MOZART 225/FLAC/02 - Orchestral (050-101)/CD-096
import started Mon May 18 10:50:11 2026
import started Mon May 18 10:50:21 2026
asis /Volumes/classical/staging/Wolfgang Amadeus Mozart/MOZART 225/FLAC/02 - Orchestral (050-101)/CD-097
import started Mon May 18 10:50:40 2026
asis /Volumes/classical/staging/Wolfgang Amadeus Mozart/MOZART 225/FLAC/02 - Orchestral (050-101)/CD-098
import started Mon May 18 10:51:00 2026
asis /Volumes/classical/staging/Wolfgang Amadeus Mozart/MOZART 225/FLAC/02 - Orchestral (050-101)/CD-099
import started Mon May 18 10:51:23 2026
asis /Volumes/classical/staging/Wolfgang Amadeus Mozart/MOZART 225/FLAC/02 - Orchestral (050-101)/CD-100
import started Mon May 18 10:51:44 2026
asis /Volumes/classical/staging/Wolfgang Amadeus Mozart/MOZART 225/FLAC/02 - Orchestral (050-101)/CD-101
import started Mon May 18 10:52:05 2026
asis /Volumes/classical/staging/Wolfgang Amadeus Mozart/MOZART 225/FLAC/03 - Theatre (102-152)/CD-102
import started Mon May 18 10:52:30 2026
asis /Volumes/classical/staging/Wolfgang Amadeus Mozart/MOZART 225/FLAC/03 - Theatre (102-152)/CD-103
import started Mon May 18 10:52:59 2026
asis /Volumes/classical/staging/Wolfgang Amadeus Mozart/MOZART 225/FLAC/03 - Theatre (102-152)/CD-104
import started Mon May 18 10:53:49 2026
import started Mon May 18 10:53:59 2026
asis /Volumes/classical/staging/Wolfgang Amadeus Mozart/MOZART 225/FLAC/03 - Theatre (102-152)/CD-105
import started Mon May 18 10:54:27 2026
asis /Volumes/classical/staging/Wolfgang Amadeus Mozart/MOZART 225/FLAC/03 - Theatre (102-152)/CD-106
import started Mon May 18 10:54:56 2026
asis /Volumes/classical/staging/Wolfgang Amadeus Mozart/MOZART 225/FLAC/03 - Theatre (102-152)/CD-107
import started Mon May 18 10:55:27 2026
asis /Volumes/classical/staging/Wolfgang Amadeus Mozart/MOZART 225/FLAC/03 - Theatre (102-152)/CD-108
import started Mon May 18 10:55:55 2026
asis /Volumes/classical/staging/Wolfgang Amadeus Mozart/MOZART 225/FLAC/03 - Theatre (102-152)/CD-109
import started Mon May 18 10:56:28 2026
asis /Volumes/classical/staging/Wolfgang Amadeus Mozart/MOZART 225/FLAC/03 - Theatre (102-152)/CD-110
import started Mon May 18 10:57:16 2026
import started Mon May 18 10:57:26 2026
asis /Volumes/classical/staging/Wolfgang Amadeus Mozart/MOZART 225/FLAC/03 - Theatre (102-152)/CD-111
import started Mon May 18 10:57:50 2026
asis /Volumes/classical/staging/Wolfgang Amadeus Mozart/MOZART 225/FLAC/03 - Theatre (102-152)/CD-112
import started Mon May 18 10:58:21 2026
asis /Volumes/classical/staging/Wolfgang Amadeus Mozart/MOZART 225/FLAC/03 - Theatre (102-152)/CD-113
import started Mon May 18 11:01:30 2026
asis /Volumes/classical/staging/Wolfgang Amadeus Mozart/MOZART 225/FLAC/03 - Theatre (102-152)/CD-114
import started Mon May 18 11:01:54 2026
asis /Volumes/classical/staging/Wolfgang Amadeus Mozart/MOZART 225/FLAC/03 - Theatre (102-152)/CD-115
import started Mon May 18 11:02:19 2026
asis /Volumes/classical/staging/Wolfgang Amadeus Mozart/MOZART 225/FLAC/03 - Theatre (102-152)/CD-116
import started Mon May 18 11:02:45 2026
asis /Volumes/classical/staging/Wolfgang Amadeus Mozart/MOZART 225/FLAC/03 - Theatre (102-152)/CD-117
import started Mon May 18 11:03:09 2026
asis /Volumes/classical/staging/Wolfgang Amadeus Mozart/MOZART 225/FLAC/03 - Theatre (102-152)/CD-118
import started Mon May 18 11:03:36 2026
asis /Volumes/classical/staging/Wolfgang Amadeus Mozart/MOZART 225/FLAC/03 - Theatre (102-152)/CD-119
import started Mon May 18 11:03:59 2026
asis /Volumes/classical/staging/Wolfgang Amadeus Mozart/MOZART 225/FLAC/03 - Theatre (102-152)/CD-120
import started Mon May 18 11:04:21 2026
asis /Volumes/classical/staging/Wolfgang Amadeus Mozart/MOZART 225/FLAC/03 - Theatre (102-152)/CD-121
import started Mon May 18 11:04:47 2026
asis /Volumes/classical/staging/Wolfgang Amadeus Mozart/MOZART 225/FLAC/03 - Theatre (102-152)/CD-122
import started Mon May 18 11:05:11 2026
asis /Volumes/classical/staging/Wolfgang Amadeus Mozart/MOZART 225/FLAC/03 - Theatre (102-152)/CD-123
import started Mon May 18 11:05:36 2026
asis /Volumes/classical/staging/Wolfgang Amadeus Mozart/MOZART 225/FLAC/03 - Theatre (102-152)/CD-124
import started Mon May 18 11:06:00 2026
asis /Volumes/classical/staging/Wolfgang Amadeus Mozart/MOZART 225/FLAC/03 - Theatre (102-152)/CD-125
import started Mon May 18 11:06:26 2026
asis /Volumes/classical/staging/Wolfgang Amadeus Mozart/MOZART 225/FLAC/03 - Theatre (102-152)/CD-126
import started Mon May 18 11:06:51 2026
asis /Volumes/classical/staging/Wolfgang Amadeus Mozart/MOZART 225/FLAC/03 - Theatre (102-152)/CD-127
import started Mon May 18 11:07:17 2026
asis /Volumes/classical/staging/Wolfgang Amadeus Mozart/MOZART 225/FLAC/03 - Theatre (102-152)/CD-128
import started Mon May 18 11:07:41 2026
asis /Volumes/classical/staging/Wolfgang Amadeus Mozart/MOZART 225/FLAC/03 - Theatre (102-152)/CD-129
import started Mon May 18 11:08:04 2026
asis /Volumes/classical/staging/Wolfgang Amadeus Mozart/MOZART 225/FLAC/03 - Theatre (102-152)/CD-130
import started Mon May 18 11:08:47 2026
import started Mon May 18 11:08:58 2026
asis /Volumes/classical/staging/Wolfgang Amadeus Mozart/MOZART 225/FLAC/03 - Theatre (102-152)/CD-131
import started Mon May 18 11:09:23 2026
asis /Volumes/classical/staging/Wolfgang Amadeus Mozart/MOZART 225/FLAC/03 - Theatre (102-152)/CD-132
import started Mon May 18 11:09:48 2026
asis /Volumes/classical/staging/Wolfgang Amadeus Mozart/MOZART 225/FLAC/03 - Theatre (102-152)/CD-133
import started Mon May 18 11:10:15 2026
asis /Volumes/classical/staging/Wolfgang Amadeus Mozart/MOZART 225/FLAC/03 - Theatre (102-152)/CD-134
import started Mon May 18 11:10:44 2026
asis /Volumes/classical/staging/Wolfgang Amadeus Mozart/MOZART 225/FLAC/03 - Theatre (102-152)/CD-135
import started Mon May 18 11:11:21 2026
asis /Volumes/classical/staging/Wolfgang Amadeus Mozart/MOZART 225/FLAC/03 - Theatre (102-152)/CD-136
import started Mon May 18 11:11:59 2026
asis /Volumes/classical/staging/Wolfgang Amadeus Mozart/MOZART 225/FLAC/03 - Theatre (102-152)/CD-137
import started Mon May 18 11:12:25 2026
asis /Volumes/classical/staging/Wolfgang Amadeus Mozart/MOZART 225/FLAC/03 - Theatre (102-152)/CD-138
import started Mon May 18 11:12:51 2026
asis /Volumes/classical/staging/Wolfgang Amadeus Mozart/MOZART 225/FLAC/03 - Theatre (102-152)/CD-139
import started Mon May 18 11:13:27 2026
asis /Volumes/classical/staging/Wolfgang Amadeus Mozart/MOZART 225/FLAC/03 - Theatre (102-152)/CD-140
import started Mon May 18 11:13:58 2026
asis /Volumes/classical/staging/Wolfgang Amadeus Mozart/MOZART 225/FLAC/03 - Theatre (102-152)/CD-141
import started Mon May 18 11:14:28 2026
asis /Volumes/classical/staging/Wolfgang Amadeus Mozart/MOZART 225/FLAC/03 - Theatre (102-152)/CD-142
import started Mon May 18 11:14:52 2026
asis /Volumes/classical/staging/Wolfgang Amadeus Mozart/MOZART 225/FLAC/03 - Theatre (102-152)/CD-143
import started Mon May 18 11:15:17 2026
asis /Volumes/classical/staging/Wolfgang Amadeus Mozart/MOZART 225/FLAC/03 - Theatre (102-152)/CD-144
import started Mon May 18 11:15:39 2026
asis /Volumes/classical/staging/Wolfgang Amadeus Mozart/MOZART 225/FLAC/03 - Theatre (102-152)/CD-145
import started Mon May 18 11:16:01 2026
asis /Volumes/classical/staging/Wolfgang Amadeus Mozart/MOZART 225/FLAC/03 - Theatre (102-152)/CD-146
import started Mon May 18 11:16:24 2026
asis /Volumes/classical/staging/Wolfgang Amadeus Mozart/MOZART 225/FLAC/03 - Theatre (102-152)/CD-147
import started Mon May 18 11:16:48 2026
asis /Volumes/classical/staging/Wolfgang Amadeus Mozart/MOZART 225/FLAC/03 - Theatre (102-152)/CD-148
import started Mon May 18 11:17:48 2026
asis /Volumes/classical/staging/Wolfgang Amadeus Mozart/MOZART 225/FLAC/03 - Theatre (102-152)/CD-149
import started Mon May 18 11:18:16 2026
asis /Volumes/classical/staging/Wolfgang Amadeus Mozart/MOZART 225/FLAC/03 - Theatre (102-152)/CD-150
import started Mon May 18 11:18:43 2026
asis /Volumes/classical/staging/Wolfgang Amadeus Mozart/MOZART 225/FLAC/03 - Theatre (102-152)/CD-151
import started Mon May 18 11:19:06 2026
asis /Volumes/classical/staging/Wolfgang Amadeus Mozart/MOZART 225/FLAC/03 - Theatre (102-152)/CD-152
import started Mon May 18 11:19:28 2026
asis /Volumes/classical/staging/Wolfgang Amadeus Mozart/MOZART 225/FLAC/04 - Sacred (153-170)/CD-153
import started Mon May 18 11:19:49 2026
asis /Volumes/classical/staging/Wolfgang Amadeus Mozart/MOZART 225/FLAC/04 - Sacred (153-170)/CD-154
import started Mon May 18 11:20:13 2026
asis /Volumes/classical/staging/Wolfgang Amadeus Mozart/MOZART 225/FLAC/04 - Sacred (153-170)/CD-155
import started Mon May 18 11:20:41 2026
asis /Volumes/classical/staging/Wolfgang Amadeus Mozart/MOZART 225/FLAC/04 - Sacred (153-170)/CD-156
import started Mon May 18 11:21:04 2026
asis /Volumes/classical/staging/Wolfgang Amadeus Mozart/MOZART 225/FLAC/04 - Sacred (153-170)/CD-157
import started Mon May 18 11:21:27 2026
asis /Volumes/classical/staging/Wolfgang Amadeus Mozart/MOZART 225/FLAC/04 - Sacred (153-170)/CD-158
import started Mon May 18 11:21:51 2026
asis /Volumes/classical/staging/Wolfgang Amadeus Mozart/MOZART 225/FLAC/04 - Sacred (153-170)/CD-159
import started Mon May 18 11:22:15 2026
asis /Volumes/classical/staging/Wolfgang Amadeus Mozart/MOZART 225/FLAC/04 - Sacred (153-170)/CD-160
import started Mon May 18 11:22:56 2026
import started Mon May 18 11:23:07 2026
asis /Volumes/classical/staging/Wolfgang Amadeus Mozart/MOZART 225/FLAC/04 - Sacred (153-170)/CD-161
import started Mon May 18 11:23:32 2026
asis /Volumes/classical/staging/Wolfgang Amadeus Mozart/MOZART 225/FLAC/04 - Sacred (153-170)/CD-162
import started Mon May 18 11:24:04 2026
asis /Volumes/classical/staging/Wolfgang Amadeus Mozart/MOZART 225/FLAC/04 - Sacred (153-170)/CD-163
import started Mon May 18 11:24:39 2026
asis /Volumes/classical/staging/Wolfgang Amadeus Mozart/MOZART 225/FLAC/04 - Sacred (153-170)/CD-164
import started Mon May 18 11:25:06 2026
asis /Volumes/classical/staging/Wolfgang Amadeus Mozart/MOZART 225/FLAC/04 - Sacred (153-170)/CD-165
import started Mon May 18 11:25:40 2026
asis /Volumes/classical/staging/Wolfgang Amadeus Mozart/MOZART 225/FLAC/04 - Sacred (153-170)/CD-166
import started Mon May 18 11:26:06 2026
asis /Volumes/classical/staging/Wolfgang Amadeus Mozart/MOZART 225/FLAC/04 - Sacred (153-170)/CD-167
import started Mon May 18 11:26:40 2026
asis /Volumes/classical/staging/Wolfgang Amadeus Mozart/MOZART 225/FLAC/04 - Sacred (153-170)/CD-168
import started Mon May 18 11:27:09 2026
asis /Volumes/classical/staging/Wolfgang Amadeus Mozart/MOZART 225/FLAC/04 - Sacred (153-170)/CD-169
import started Mon May 18 11:27:34 2026
asis /Volumes/classical/staging/Wolfgang Amadeus Mozart/MOZART 225/FLAC/04 - Sacred (153-170)/CD-170
import started Mon May 18 11:28:01 2026
asis /Volumes/classical/staging/Wolfgang Amadeus Mozart/MOZART 225/FLAC/05 - Private (171-173)/CD-171
import started Mon May 18 11:28:42 2026
asis /Volumes/classical/staging/Wolfgang Amadeus Mozart/MOZART 225/FLAC/05 - Private (171-173)/CD-172
import started Mon May 18 11:29:27 2026
import started Mon May 18 11:29:37 2026
asis /Volumes/classical/staging/Wolfgang Amadeus Mozart/MOZART 225/FLAC/05 - Private (171-173)/CD-173
import started Mon May 18 11:30:15 2026
asis /Volumes/classical/staging/Wolfgang Amadeus Mozart/MOZART 225/FLAC/06 - Fragments (174-175)/CD-174
import started Mon May 18 11:31:00 2026
asis /Volumes/classical/staging/Wolfgang Amadeus Mozart/MOZART 225/FLAC/06 - Fragments (174-175)/CD-175
import started Mon May 18 11:31:33 2026
asis /Volumes/classical/staging/Wolfgang Amadeus Mozart/MOZART 225/FLAC/07 - Completions (176-178)/CD-176
import started Mon May 18 11:31:56 2026
asis /Volumes/classical/staging/Wolfgang Amadeus Mozart/MOZART 225/FLAC/07 - Completions (176-178)/CD-177
import started Mon May 18 11:32:23 2026
asis /Volumes/classical/staging/Wolfgang Amadeus Mozart/MOZART 225/FLAC/07 - Completions (176-178)/CD-178
import started Mon May 18 11:32:48 2026
asis /Volumes/classical/staging/Wolfgang Amadeus Mozart/MOZART 225/FLAC/08 - Arrangements (179-187)/CD-179
import started Mon May 18 11:33:14 2026
asis /Volumes/classical/staging/Wolfgang Amadeus Mozart/MOZART 225/FLAC/08 - Arrangements (179-187)/CD-180
import started Mon May 18 11:33:37 2026
asis /Volumes/classical/staging/Wolfgang Amadeus Mozart/MOZART 225/FLAC/08 - Arrangements (179-187)/CD-181
import started Mon May 18 11:34:01 2026
asis /Volumes/classical/staging/Wolfgang Amadeus Mozart/MOZART 225/FLAC/08 - Arrangements (179-187)/CD-182
import started Mon May 18 11:34:45 2026
import started Mon May 18 11:34:55 2026
asis /Volumes/classical/staging/Wolfgang Amadeus Mozart/MOZART 225/FLAC/08 - Arrangements (179-187)/CD-183
import started Mon May 18 11:35:42 2026
import started Mon May 18 11:35:52 2026
asis /Volumes/classical/staging/Wolfgang Amadeus Mozart/MOZART 225/FLAC/08 - Arrangements (179-187)/CD-184
import started Mon May 18 11:36:20 2026
asis /Volumes/classical/staging/Wolfgang Amadeus Mozart/MOZART 225/FLAC/08 - Arrangements (179-187)/CD-185
import started Mon May 18 11:36:52 2026
asis /Volumes/classical/staging/Wolfgang Amadeus Mozart/MOZART 225/FLAC/08 - Arrangements (179-187)/CD-186
import started Mon May 18 11:37:20 2026
asis /Volumes/classical/staging/Wolfgang Amadeus Mozart/MOZART 225/FLAC/08 - Arrangements (179-187)/CD-187
import started Mon May 18 11:37:50 2026
asis /Volumes/classical/staging/Wolfgang Amadeus Mozart/MOZART 225/FLAC/09 - Self-Arrangements (188-193)/CD-188
import started Mon May 18 11:38:16 2026
asis /Volumes/classical/staging/Wolfgang Amadeus Mozart/MOZART 225/FLAC/09 - Self-Arrangements (188-193)/CD-189
import started Mon May 18 11:38:39 2026
asis /Volumes/classical/staging/Wolfgang Amadeus Mozart/MOZART 225/FLAC/09 - Self-Arrangements (188-193)/CD-190
import started Mon May 18 11:39:04 2026
asis /Volumes/classical/staging/Wolfgang Amadeus Mozart/MOZART 225/FLAC/09 - Self-Arrangements (188-193)/CD-191
import started Mon May 18 11:39:30 2026
asis /Volumes/classical/staging/Wolfgang Amadeus Mozart/MOZART 225/FLAC/09 - Self-Arrangements (188-193)/CD-192
import started Mon May 18 11:39:50 2026
asis /Volumes/classical/staging/Wolfgang Amadeus Mozart/MOZART 225/FLAC/09 - Self-Arrangements (188-193)/CD-193
import started Mon May 18 11:40:17 2026
asis /Volumes/classical/staging/Wolfgang Amadeus Mozart/MOZART 225/FLAC/10 - Doubtful Works (194-200)/CD-194
import started Mon May 18 11:40:49 2026
asis /Volumes/classical/staging/Wolfgang Amadeus Mozart/MOZART 225/FLAC/10 - Doubtful Works (194-200)/CD-195
import started Mon May 18 11:41:14 2026
asis /Volumes/classical/staging/Wolfgang Amadeus Mozart/MOZART 225/FLAC/10 - Doubtful Works (194-200)/CD-196
import started Mon May 18 11:41:42 2026
asis /Volumes/classical/staging/Wolfgang Amadeus Mozart/MOZART 225/FLAC/10 - Doubtful Works (194-200)/CD-197
import started Mon May 18 11:42:12 2026
asis /Volumes/classical/staging/Wolfgang Amadeus Mozart/MOZART 225/FLAC/10 - Doubtful Works (194-200)/CD-198
import started Mon May 18 11:42:37 2026
asis /Volumes/classical/staging/Wolfgang Amadeus Mozart/MOZART 225/FLAC/10 - Doubtful Works (194-200)/CD-199
import started Mon May 18 11:42:58 2026
asis /Volumes/classical/staging/Wolfgang Amadeus Mozart/MOZART 225/FLAC/10 - Doubtful Works (194-200)/CD-200
import started Mon May 18 11:43:28 2026
asis /Volumes/classical/staging/Wolfgang Amadeus Mozart/_DON GIOVANNI__Karajan_BPO
import started Mon May 18 20:40:50 2026
asis /Volumes/classical/staging/Herbert Von Karajan_ Berlin Philharmonic/Mozart_ Don Giovanni (Highlights)
duplicate-replace /Volumes/classical/staging/Herbert Von Karajan_ Berlin Philharmonic/Mozart_ Don Giovanni (Highlights)
import started Mon May 18 20:42:48 2026
import started Mon May 18 20:42:58 2026
asis /Volumes/classical/staging/Igor Stravinsky/Itzhak Perlman, Seiji Ozawa, Boston Sym
duplicate-replace /Volumes/classical/staging/Igor Stravinsky/Itzhak Perlman, Seiji Ozawa, Boston Sym
import started Mon May 18 20:43:36 2026
import started Mon May 18 20:48:26 2026
asis /Volumes/classical/staging/Joan Sebastian Bach/Bach - Complete Works [Brilliant Classics]/Vol I - Orchestral Works & Chamber Music/CD 17 - Lute Works
duplicate-replace /Volumes/classical/staging/Joan Sebastian Bach/Bach - Complete Works [Brilliant Classics]/Vol I - Orchestral Works & Chamber Music/CD 17 - Lute Works
import started Mon May 18 20:48:41 2026
import started Mon May 18 20:48:52 2026
asis /Volumes/classical/staging/Joan Sebastian Bach/Bach - Complete Works [Brilliant Classics]/Vol I - Orchestral Works & Chamber Music/CD 23 - Violin Sonatas BWV 1021-1023, Trio Sonatas BWV 1038, 1039
duplicate-replace /Volumes/classical/staging/Joan Sebastian Bach/Bach - Complete Works [Brilliant Classics]/Vol I - Orchestral Works & Chamber Music/CD 23 - Violin Sonatas BWV 1021-1023, Trio Sonatas BWV 1038, 1039
import started Mon May 18 20:49:11 2026
import started Mon May 18 20:49:21 2026
asis /Volumes/classical/staging/Joan Sebastian Bach/Bach - Complete Works [Brilliant Classics]/Vol II - Keyboard Works/CD 10 - Italian Concerto, Chromatic Fantasy & Fugue, French Overture
duplicate-replace /Volumes/classical/staging/Joan Sebastian Bach/Bach - Complete Works [Brilliant Classics]/Vol II - Keyboard Works/CD 10 - Italian Concerto, Chromatic Fantasy & Fugue, French Overture
import started Mon May 18 20:49:35 2026
import started Mon May 18 20:49:45 2026
asis /Volumes/classical/staging/Joan Sebastian Bach/Bach - Complete Works [Brilliant Classics]/Vol II - Keyboard Works/CD 16 - French Suites
duplicate-replace /Volumes/classical/staging/Joan Sebastian Bach/Bach - Complete Works [Brilliant Classics]/Vol II - Keyboard Works/CD 16 - French Suites
import started Mon May 18 20:50:15 2026
import started Mon May 18 20:50:26 2026
asis /Volumes/classical/staging/Joan Sebastian Bach/Bach - Complete Works [Brilliant Classics]/Vol II - Keyboard Works/CD 20 - Art of Fugue
duplicate-replace /Volumes/classical/staging/Joan Sebastian Bach/Bach - Complete Works [Brilliant Classics]/Vol II - Keyboard Works/CD 20 - Art of Fugue
import started Mon May 18 20:50:47 2026
import started Mon May 18 20:50:57 2026
asis /Volumes/classical/staging/Joan Sebastian Bach/Bach - Complete Works [Brilliant Classics]/Vol III - Cantantas I/CD 10 - BWV 135, 86, 85, 167
duplicate-replace /Volumes/classical/staging/Joan Sebastian Bach/Bach - Complete Works [Brilliant Classics]/Vol III - Cantantas I/CD 10 - BWV 135, 86, 85, 167
import started Mon May 18 20:52:29 2026
import started Mon May 18 20:52:40 2026
asis /Volumes/classical/staging/Joan Sebastian Bach/Bach - Complete Works [Brilliant Classics]/Vol III - Cantantas I/CD 11 - BWV 172, 182, 90
duplicate-replace /Volumes/classical/staging/Joan Sebastian Bach/Bach - Complete Works [Brilliant Classics]/Vol III - Cantantas I/CD 11 - BWV 172, 182, 90
import started Mon May 18 20:53:53 2026
import started Mon May 18 20:54:03 2026
asis /Volumes/classical/staging/Joan Sebastian Bach/Bach - Complete Works [Brilliant Classics]/Vol III - Cantantas I/CD 13 - BWV 99, 35, 17
duplicate-replace /Volumes/classical/staging/Joan Sebastian Bach/Bach - Complete Works [Brilliant Classics]/Vol III - Cantantas I/CD 13 - BWV 99, 35, 17
import started Mon May 18 20:55:29 2026
import started Mon May 18 20:55:39 2026
asis /Volumes/classical/staging/Joan Sebastian Bach/Bach - Complete Works [Brilliant Classics]/Vol III - Cantantas I/CD 17 - BWV 149, 69, 169
duplicate-replace /Volumes/classical/staging/Joan Sebastian Bach/Bach - Complete Works [Brilliant Classics]/Vol III - Cantantas I/CD 17 - BWV 149, 69, 169
import started Mon May 18 20:56:55 2026
import started Mon May 18 20:57:06 2026
asis /Volumes/classical/staging/Joan Sebastian Bach/Bach - Complete Works [Brilliant Classics]/Vol III - Cantantas I/CD 18 - 45, 150, 122
duplicate-replace /Volumes/classical/staging/Joan Sebastian Bach/Bach - Complete Works [Brilliant Classics]/Vol III - Cantantas I/CD 18 - 45, 150, 122
import started Mon May 18 20:58:25 2026
import started Mon May 18 20:58:35 2026
asis /Volumes/classical/staging/Joan Sebastian Bach/Bach - Complete Works [Brilliant Classics]/Vol III - Cantantas I/CD 20 - BWV 102, 7, 196
duplicate-replace /Volumes/classical/staging/Joan Sebastian Bach/Bach - Complete Works [Brilliant Classics]/Vol III - Cantantas I/CD 20 - BWV 102, 7, 196
import started Mon May 18 20:59:42 2026
import started Mon May 18 20:59:52 2026
asis /Volumes/classical/staging/Joan Sebastian Bach/Bach - Complete Works [Brilliant Classics]/Vol III - Cantantas I/CD 21 - BWV 46, 107, 179
duplicate-replace /Volumes/classical/staging/Joan Sebastian Bach/Bach - Complete Works [Brilliant Classics]/Vol III - Cantantas I/CD 21 - BWV 46, 107, 179
import started Mon May 18 21:01:18 2026
import started Mon May 18 21:01:28 2026
asis /Volumes/classical/staging/Joan Sebastian Bach/Bach - Complete Works [Brilliant Classics]/Vol III - Cantantas I/CD 22 - BWV 6, 163, 96
duplicate-replace /Volumes/classical/staging/Joan Sebastian Bach/Bach - Complete Works [Brilliant Classics]/Vol III - Cantantas I/CD 22 - BWV 6, 163, 96
import started Mon May 18 21:02:33 2026
import started Mon May 18 21:02:43 2026
asis /Volumes/classical/staging/Joan Sebastian Bach/Bach - Complete Works [Brilliant Classics]/Vol III - Cantantas I/CD 23 - BWV 178, 156, 27
duplicate-replace /Volumes/classical/staging/Joan Sebastian Bach/Bach - Complete Works [Brilliant Classics]/Vol III - Cantantas I/CD 23 - BWV 178, 156, 27
import started Mon May 18 21:03:42 2026
import started Mon May 18 21:03:52 2026
asis /Volumes/classical/staging/Joan Sebastian Bach/Bach - Complete Works [Brilliant Classics]/Vol III - Cantantas I/CD 27 - BWV 60, 78, 151
duplicate-replace /Volumes/classical/staging/Joan Sebastian Bach/Bach - Complete Works [Brilliant Classics]/Vol III - Cantantas I/CD 27 - BWV 60, 78, 151
import started Mon May 18 21:04:58 2026
import started Mon May 18 21:05:08 2026
asis /Volumes/classical/staging/Joan Sebastian Bach/Bach - Complete Works [Brilliant Classics]/Vol III - Cantantas I/CD 28 - BWV 128, 154, 62
duplicate-replace /Volumes/classical/staging/Joan Sebastian Bach/Bach - Complete Works [Brilliant Classics]/Vol III - Cantantas I/CD 28 - BWV 128, 154, 62
import started Mon May 18 21:06:17 2026
import started Mon May 18 21:06:27 2026
asis /Volumes/classical/staging/Joan Sebastian Bach/Bach - Complete Works [Brilliant Classics]/Vol III - Cantantas I/CD 29 - BWV 192, 93, 145, 171
duplicate-replace /Volumes/classical/staging/Joan Sebastian Bach/Bach - Complete Works [Brilliant Classics]/Vol III - Cantantas I/CD 29 - BWV 192, 93, 145, 171
import started Mon May 18 21:07:37 2026
import started Mon May 18 21:07:47 2026
asis /Volumes/classical/staging/Joan Sebastian Bach/Bach - Complete Works [Brilliant Classics]/Vol III - Cantantas I/CD 9 - BWV 98, 188, 23
duplicate-replace /Volumes/classical/staging/Joan Sebastian Bach/Bach - Complete Works [Brilliant Classics]/Vol III - Cantantas I/CD 9 - BWV 98, 188, 23
import started Mon May 18 21:09:07 2026
import started Mon May 18 21:09:17 2026
asis /Volumes/classical/staging/Joan Sebastian Bach/Bach - Complete Works [Brilliant Classics]/Vol IV - Cantantas II/CD 1 - BWV 198, 110
duplicate-replace /Volumes/classical/staging/Joan Sebastian Bach/Bach - Complete Works [Brilliant Classics]/Vol IV - Cantantas II/CD 1 - BWV 198, 110
import started Mon May 18 21:12:54 2026
import started Mon May 18 21:13:04 2026
asis /Volumes/classical/staging/Joan Sebastian Bach/Bach - Complete Works [Brilliant Classics]/Vol IV - Cantantas II/CD 10 - BWV 136, 187, 49
duplicate-replace /Volumes/classical/staging/Joan Sebastian Bach/Bach - Complete Works [Brilliant Classics]/Vol IV - Cantantas II/CD 10 - BWV 136, 187, 49
import started Mon May 18 21:13:29 2026
import started Mon May 18 21:13:40 2026
asis /Volumes/classical/staging/Joan Sebastian Bach/Bach - Complete Works [Brilliant Classics]/Vol IV - Cantantas II/CD 7 - BWV 194, 176, 89
duplicate-replace /Volumes/classical/staging/Joan Sebastian Bach/Bach - Complete Works [Brilliant Classics]/Vol IV - Cantantas II/CD 7 - BWV 194, 176, 89
import started Mon May 18 21:14:06 2026
import started Mon May 18 21:14:16 2026
asis /Volumes/classical/staging/Joan Sebastian Bach/Bach - Complete Works [Brilliant Classics]/Vol V - Vocal Works/CD 2 - Mass in B minor
duplicate-replace /Volumes/classical/staging/Joan Sebastian Bach/Bach - Complete Works [Brilliant Classics]/Vol V - Vocal Works/CD 2 - Mass in B minor
import started Mon May 18 21:15:04 2026
import started Mon May 18 21:15:14 2026
asis /Volumes/classical/staging/Joan Sebastian Bach/Bach - Complete Works [Brilliant Classics]/Vol VI - Organ Works/CD 14 - BWV 547, 595, 574, 577, 578, 583, 538
duplicate-replace /Volumes/classical/staging/Joan Sebastian Bach/Bach - Complete Works [Brilliant Classics]/Vol VI - Organ Works/CD 14 - BWV 547, 595, 574, 577, 578, 583, 538
import started Mon May 18 21:17:04 2026
import started Mon May 18 21:17:14 2026
asis /Volumes/classical/staging/Joan Sebastian Bach/Bach - Complete Works [Brilliant Classics]/Vol VI - Organ Works/CD 7 - BWV 536, 539, 705, 576, 563, 593, 587, 590, 696-704, 694, 695
duplicate-replace /Volumes/classical/staging/Joan Sebastian Bach/Bach - Complete Works [Brilliant Classics]/Vol VI - Organ Works/CD 7 - BWV 536, 539, 705, 576, 563, 593, 587, 590, 696-704, 694, 695
import started Mon May 18 21:17:48 2026
